Time,Gold,Noob Mines,OK Mines,Good Mines,Super Mines,Alpha Mines,Sigma Mines,Income,Noob Cost,OK Cost,Good Cost,Super Cost,Alpha Cost,Sigma Cost,Buy Noob,Buy OK,Buy Good,Buy Super,Buy Alpha,Buy Sigma
0,0,0,0,0,0,0,0,1,0,0,0,0,0,0,0,0,0,0,0,0
1,1,0,0,0,0,0,0,1,15,100,300,2000,15000,250000,0,0,0,0,0,0
2,2,0,0,0,0,0,0,1,15,100,300,2000,15000,250000,0,0,0,0,0,0
3,3,0,0,0,0,0,0,1,15,100,300,2000,15000,250000,0,0,0,0,0,0
4,4,0,0,0,0,0,0,1,15,100,300,2000,15000,250000,0,0,0,0,0,0
5,5,0,0,0,0,0,0,1,15,100,300,2000,15000,250000,0,0,0,0,0,0
6,6,0,0,0,0,0,0,1,15,100,300,2000,15000,250000,0,0,0,0,0,0
7,7,0,0,0,0,0,0,1,15,100,300,2000,15000,250000,0,0,0,0,0,0
8,8,0,0,0,0,0,0,1,15,100,300,2000,15000,250000,0,0,0,0,0,0
9,9,0,0,0,0,0,0,1,15,100,300,2000,15000,250000,0,0,0,0,0,0
10,10,0,0,0,0,0,0,1,15,100,300,2000,15000,250000,0,0,0,0,0,0
11,11,0,0,0,0,0,0,1,15,100,300,2000,15000,250000,0,0,0,0,0,0
12,12,0,0,0,0,0,0,1,15,100,300,2000,15000,250000,0,0,0,0,0,0
13,13,0,0,0,0,0,0,1,15,100,300,2000,15000,250000,0,0,0,0,0,0
14,14,0,0,0,0,0,0,1,15,100,300,2000,15000,250000,0,0,0,0,0,0
15,0,1,0,0,0,0,0,1,15,100,300,2000,15000,250000,1,0,0,0,0,0
16,1,1,0,0,0,0,0,2,17,100,300,2000,15000,250000,0,0,0,0,0,0
17,3,1,0,0,0,0,0,2,17,100,300,2000,15000,250000,0,0,0,0,0,0
18,5,1,0,0,0,0,0,2,17,100,300,2000,15000,250000,0,0,0,0,0,0
19,7,1,0,0,0,0,0,2,17,100,300,2000,15000,250000,0,0,0,0,0,0
20,9,1,0,0,0,0,0,2,17,100,300,2000,15000,250000,0,0,0,0,0,0
21,11,1,0,0,0,0,0,2,17,100,300,2000,15000,250000,0,0,0,0,0,0
22,13,1,0,0,0,0,0,2,17,100,300,2000,15000,250000,0,0,0,0,0,0
23,15,1,0,0,0,0,0,2,17,100,300,2000,15000,250000,0,0,0,0,0,0
24,0,2,0,0,0,0,0,2,17,100,300,2000,15000,250000,1,0,0,0,0,0
25,2,2,0,0,0,0,0,3,19,100,300,2000,15000,250000,0,0,0,0,0,0
26,5,2,0,0,0,0,0,3,19,100,300,2000,15000,250000,0,0,0,0,0,0
27,8,2,0,0,0,0,0,3,19,100,300,2000,15000,250000,0,0,0,0,0,0
28,11,2,0,0,0,0,0,3,19,100,300,2000,15000,250000,0,0,0,0,0,0
29,14,2,0,0,0,0,0,3,19,100,300,2000,15000,250000,0,0,0,0,0,0
30,17,2,0,0,0,0,0,3,19,100,300,2000,15000,250000,0,0,0,0,0,0
31,1,3,0,0,0,0,0,3,19,100,300,2000,15000,250000,1,0,0,0,0,0
32,4,3,0,0,0,0,0,4,20,100,300,2000,15000,250000,0,0,0,0,0,0
33,8,3,0,0,0,0,0,4,20,100,300,2000,15000,250000,0,0,0,0,0,0
34,12,3,0,0,0,0,0,4,20,100,300,2000,15000,250000,0,0,0,0,0,0
35,16,3,0,0,0,0,0,4,20,100,300,2000,15000,250000,0,0,0,0,0,0
36,20,3,0,0,0,0,0,4,20,100,300,2000,15000,250000,0,0,0,0,0,0
37,24,3,0,0,0,0,0,4,20,100,300,2000,15000,250000,0,0,0,0,0,0
38,28,3,0,0,0,0,0,4,20,100,300,2000,15000,250000,0,0,0,0,0,0
39,32,3,0,0,0,0,0,4,20,100,300,2000,15000,250000,0,0,0,0,0,0
40,36,3,0,0,0,0,0,4,20,100,300,2000,15000,250000,0,0,0,0,0,0
41,40,3,0,0,0,0,0,4,20,100,300,2000,15000,250000,0,0,0,0,0,0
42,44,3,0,0,0,0,0,4,20,100,300,2000,15000,250000,0,0,0,0,0,0
43,48,3,0,0,0,0,0,4,20,100,300,2000,15000,250000,0,0,0,0,0,0
44,52,3,0,0,0,0,0,4,20,100,300,2000,15000,250000,0,0,0,0,0,0
45,56,3,0,0,0,0,0,4,20,100,300,2000,15000,250000,0,0,0,0,0,0
46,60,3,0,0,0,0,0,4,20,100,300,2000,15000,250000,0,0,0,0,0,0
47,64,3,0,0,0,0,0,4,20,100,300,2000,15000,250000,0,0,0,0,0,0
48,68,3,0,0,0,0,0,4,20,100,300,2000,15000,250000,0,0,0,0,0,0
49,72,3,0,0,0,0,0,4,20,100,300,2000,15000,250000,0,0,0,0,0,0
50,76,3,0,0,0,0,0,4,20,100,300,2000,15000,250000,0,0,0,0,0,0
51,80,3,0,0,0,0,0,4,20,100,300,2000,15000,250000,0,0,0,0,0,0
52,84,3,0,0,0,0,0,4,20,100,300,2000,15000,250000,0,0,0,0,0,0
53,88,3,0,0,0,0,0,4,20,100,300,2000,15000,250000,0,0,0,0,0,0
54,92,3,0,0,0,0,0,4,20,100,300,2000,15000,250000,0,0,0,0,0,0
55,96,3,0,0,0,0,0,4,20,100,300,2000,15000,250000,0,0,0,0,0,0
56,0,3,1,0,0,0,0,4,20,100,300,2000,15000,250000,0,1,0,0,0,0
57,4,3,1,0,0,0,0,9,20,111,300,2000,15000,250000,0,0,0,0,0,0
58,13,3,1,0,0,0,0,9,20,111,300,2000,15000,250000,0,0,0,0,0,0
59,22,3,1,0,0,0,0,9,20,111,300,2000,15000,250000,0,0,0,0,0,0
60,31,3,1,0,0,0,0,9,20,111,300,2000,15000,250000,0,0,0,0,0,0
61,40,3,1,0,0,0,0,9,20,111,300,2000,15000,250000,0,0,0,0,0,0
62,49,3,1,0,0,0,0,9,20,111,300,2000,15000,250000,0,0,0,0,0,0
63,58,3,1,0,0,0,0,9,20,111,300,2000,15000,250000,0,0,0,0,0,0
64,67,3,1,0,0,0,0,9,20,111,300,2000,15000,250000,0,0,0,0,0,0
65,76,3,1,0,0,0,0,9,20,111,300,2000,15000,250000,0,0,0,0,0,0
66,85,3,1,0,0,0,0,9,20,111,300,2000,15000,250000,0,0,0,0,0,0
67,94,3,1,0,0,0,0,9,20,111,300,2000,15000,250000,0,0,0,0,0,0
68,103,3,1,0,0,0,0,9,20,111,300,2000,15000,250000,0,0,0,0,0,0
69,1,3,2,0,0,0,0,9,20,111,300,2000,15000,250000,0,1,0,0,0,0
70,10,3,2,0,0,0,0,14,20,122,300,2000,15000,250000,0,0,0,0,0,0
71,24,3,2,0,0,0,0,14,20,122,300,2000,15000,250000,0,0,0,0,0,0
72,38,3,2,0,0,0,0,14,20,122,300,2000,15000,250000,0,0,0,0,0,0
73,52,3,2,0,0,0,0,14,20,122,300,2000,15000,250000,0,0,0,0,0,0
74,66,3,2,0,0,0,0,14,20,122,300,2000,15000,250000,0,0,0,0,0,0
75,80,3,2,0,0,0,0,14,20,122,300,2000,15000,250000,0,0,0,0,0,0
76,94,3,2,0,0,0,0,14,20,122,300,2000,15000,250000,0,0,0,0,0,0
77,108,3,2,0,0,0,0,14,20,122,300,2000,15000,250000,0,0,0,0,0,0
78,0,3,3,0,0,0,0,14,20,122,300,2000,15000,250000,0,1,0,0,0,0
79,14,3,3,0,0,0,0,19,20,134,300,2000,15000,250000,0,0,0,0,0,0
80,33,3,3,0,0,0,0,19,20,134,300,2000,15000,250000,0,0,0,0,0,0
81,52,3,3,0,0,0,0,19,20,134,300,2000,15000,250000,0,0,0,0,0,0
82,71,3,3,0,0,0,0,19,20,134,300,2000,15000,250000,0,0,0,0,0,0
83,90,3,3,0,0,0,0,19,20,134,300,2000,15000,250000,0,0,0,0,0,0
84,109,3,3,0,0,0,0,19,20,134,300,2000,15000,250000,0,0,0,0,0,0
85,128,3,3,0,0,0,0,19,20,134,300,2000,15000,250000,0,0,0,0,0,0
86,13,3,4,0,0,0,0,19,20,134,300,2000,15000,250000,0,1,0,0,0,0
87,32,3,4,0,0,0,0,24,20,147,300,2000,15000,250000,0,0,0,0,0,0
88,56,3,4,0,0,0,0,24,20,147,300,2000,15000,250000,0,0,0,0,0,0
89,80,3,4,0,0,0,0,24,20,147,300,2000,15000,250000,0,0,0,0,0,0
90,104,3,4,0,0,0,0,24,20,147,300,2000,15000,250000,0,0,0,0,0,0
91,128,3,4,0,0,0,0,24,20,147,300,2000,15000,250000,0,0,0,0,0,0
92,5,3,5,0,0,0,0,24,20,147,300,2000,15000,250000,0,1,0,0,0,0
93,29,3,5,0,0,0,0,29,20,162,300,2000,15000,250000,0,0,0,0,0,0
94,58,3,5,0,0,0,0,29,20,162,300,2000,15000,250000,0,0,0,0,0,0
95,87,3,5,0,0,0,0,29,20,162,300,2000,15000,250000,0,0,0,0,0,0
96,116,3,5,0,0,0,0,29,20,162,300,2000,15000,250000,0,0,0,0,0,0
97,145,3,5,0,0,0,0,29,20,162,300,2000,15000,250000,0,0,0,0,0,0
98,12,3,6,0,0,0,0,29,20,162,300,2000,15000,250000,0,1,0,0,0,0
99,41,3,6,0,0,0,0,34,20,178,300,2000,15000,250000,0,0,0,0,0,0
100,75,3,6,0,0,0,0,34,20,178,300,2000,15000,250000,0,0,0,0,0,0
101,109,3,6,0,0,0,0,34,20,178,300,2000,15000,250000,0,0,0,0,0,0
102,143,3,6,0,0,0,0,34,20,178,300,2000,15000,250000,0,0,0,0,0,0
103,177,3,6,0,0,0,0,34,20,178,300,2000,15000,250000,0,0,0,0,0,0
104,33,3,7,0,0,0,0,34,20,178,300,2000,15000,250000,0,1,0,0,0,0
105,67,3,7,0,0,0,0,39,20,195,300,2000,15000,250000,0,0,0,0,0,0
106,106,3,7,0,0,0,0,39,20,195,300,2000,15000,250000,0,0,0,0,0,0
107,145,3,7,0,0,0,0,39,20,195,300,2000,15000,250000,0,0,0,0,0,0
108,184,3,7,0,0,0,0,39,20,195,300,2000,15000,250000,0,0,0,0,0,0
109,28,3,8,0,0,0,0,39,20,195,300,2000,15000,250000,0,1,0,0,0,0
110,67,3,8,0,0,0,0,44,20,215,300,2000,15000,250000,0,0,0,0,0,0
111,111,3,8,0,0,0,0,44,20,215,300,2000,15000,250000,0,0,0,0,0,0
112,155,3,8,0,0,0,0,44,20,215,300,2000,15000,250000,0,0,0,0,0,0
113,199,3,8,0,0,0,0,44,20,215,300,2000,15000,250000,0,0,0,0,0,0
114,28,3,9,0,0,0,0,44,20,215,300,2000,15000,250000,0,1,0,0,0,0
115,72,3,9,0,0,0,0,49,20,236,300,2000,15000,250000,0,0,0,0,0,0
116,121,3,9,0,0,0,0,49,20,236,300,2000,15000,250000,0,0,0,0,0,0
117,170,3,9,0,0,0,0,49,20,236,300,2000,15000,250000,0,0,0,0,0,0
118,219,3,9,0,0,0,0,49,20,236,300,2000,15000,250000,0,0,0,0,0,0
119,32,3,10,0,0,0,0,49,20,236,300,2000,15000,250000,0,1,0,0,0,0
120,81,3,10,0,0,0,0,54,20,260,300,2000,15000,250000,0,0,0,0,0,0
121,135,3,10,0,0,0,0,54,20,260,300,2000,15000,250000,0,0,0,0,0,0
122,189,3,10,0,0,0,0,54,20,260,300,2000,15000,250000,0,0,0,0,0,0
123,243,3,10,0,0,0,0,54,20,260,300,2000,15000,250000,0,0,0,0,0,0
124,37,3,11,0,0,0,0,54,20,260,300,2000,15000,250000,0,1,0,0,0,0
125,91,3,11,0,0,0,0,59,20,286,300,2000,15000,250000,0,0,0,0,0,0
126,150,3,11,0,0,0,0,59,20,286,300,2000,15000,250000,0,0,0,0,0,0
127,209,3,11,0,0,0,0,59,20,286,300,2000,15000,250000,0,0,0,0,0,0
128,268,3,11,0,0,0,0,59,20,286,300,2000,15000,250000,0,0,0,0,0,0
129,41,3,12,0,0,0,0,59,20,286,300,2000,15000,250000,0,1,0,0,0,0
130,100,3,12,0,0,0,0,64,20,314,300,2000,15000,250000,0,0,0,0,0,0
131,164,3,12,0,0,0,0,64,20,314,300,2000,15000,250000,0,0,0,0,0,0
132,228,3,12,0,0,0,0,64,20,314,300,2000,15000,250000,0,0,0,0,0,0
133,292,3,12,0,0,0,0,64,20,314,300,2000,15000,250000,0,0,0,0,0,0
134,42,3,13,0,0,0,0,64,20,314,300,2000,15000,250000,0,1,0,0,0,0
135,106,3,13,0,0,0,0,69,20,346,300,2000,15000,250000,0,0,0,0,0,0
136,175,3,13,0,0,0,0,69,20,346,300,2000,15000,250000,0,0,0,0,0,0
137,244,3,13,0,0,0,0,69,20,346,300,2000,15000,250000,0,0,0,0,0,0
138,313,3,13,0,0,0,0,69,20,346,300,2000,15000,250000,0,0,0,0,0,0
139,36,3,14,0,0,0,0,69,20,346,300,2000,15000,250000,0,1,0,0,0,0
140,105,3,14,0,0,0,0,74,20,380,300,2000,15000,250000,0,0,0,0,0,0
141,179,3,14,0,0,0,0,74,20,380,300,2000,15000,250000,0,0,0,0,0,0
142,253,3,14,0,0,0,0,74,20,380,300,2000,15000,250000,0,0,0,0,0,0
143,327,3,14,0,0,0,0,74,20,380,300,2000,15000,250000,0,0,0,0,0,0
144,21,3,15,0,0,0,0,74,20,380,300,2000,15000,250000,0,1,0,0,0,0
145,95,3,15,0,0,0,0,79,20,418,300,2000,15000,250000,0,0,0,0,0,0
146,174,3,15,0,0,0,0,79,20,418,300,2000,15000,250000,0,0,0,0,0,0
147,253,3,15,0,0,0,0,79,20,418,300,2000,15000,250000,0,0,0,0,0,0
148,332,3,15,0,0,0,0,79,20,418,300,2000,15000,250000,0,0,0,0,0,0
149,411,3,15,0,0,0,0,79,20,418,300,2000,15000,250000,0,0,0,0,0,0
150,72,3,16,0,0,0,0,79,20,418,300,2000,15000,250000,0,1,0,0,0,0
151,151,3,16,0,0,0,0,84,20,460,300,2000,15000,250000,0,0,0,0,0,0
152,235,3,16,0,0,0,0,84,20,460,300,2000,15000,250000,0,0,0,0,0,0
153,319,3,16,0,0,0,0,84,20,460,300,2000,15000,250000,0,0,0,0,0,0
154,403,3,16,0,0,0,0,84,20,460,300,2000,15000,250000,0,0,0,0,0,0
155,27,3,17,0,0,0,0,84,20,460,300,2000,15000,250000,0,1,0,0,0,0
156,111,3,17,0,0,0,0,89,20,506,300,2000,15000,250000,0,0,0,0,0,0
157,200,3,17,0,0,0,0,89,20,506,300,2000,15000,250000,0,0,0,0,0,0
158,289,3,17,0,0,0,0,89,20,506,300,2000,15000,250000,0,0,0,0,0,0
159,378,3,17,0,0,0,0,89,20,506,300,2000,15000,250000,0,0,0,0,0,0
160,467,3,17,0,0,0,0,89,20,506,300,2000,15000,250000,0,0,0,0,0,0
161,50,3,18,0,0,0,0,89,20,506,300,2000,15000,250000,0,1,0,0,0,0
162,139,3,18,0,0,0,0,94,20,556,300,2000,15000,250000,0,0,0,0,0,0
163,233,3,18,0,0,0,0,94,20,556,300,2000,15000,250000,0,0,0,0,0,0
164,327,3,18,0,0,0,0,94,20,556,300,2000,15000,250000,0,0,0,0,0,0
165,421,3,18,0,0,0,0,94,20,556,300,2000,15000,250000,0,0,0,0,0,0
166,515,3,18,0,0,0,0,94,20,556,300,2000,15000,250000,0,0,0,0,0,0
167,53,3,19,0,0,0,0,94,20,556,300,2000,15000,250000,0,1,0,0,0,0
168,147,3,19,0,0,0,0,99,20,612,300,2000,15000,250000,0,0,0,0,0,0
169,246,3,19,0,0,0,0,99,20,612,300,2000,15000,250000,0,0,0,0,0,0
170,345,3,19,0,0,0,0,99,20,612,300,2000,15000,250000,0,0,0,0,0,0
171,444,3,19,0,0,0,0,99,20,612,300,2000,15000,250000,0,0,0,0,0,0
172,543,3,19,0,0,0,0,99,20,612,300,2000,15000,250000,0,0,0,0,0,0
173,30,3,20,0,0,0,0,99,20,612,300,2000,15000,250000,0,1,0,0,0,0
174,129,3,20,0,0,0,0,104,20,673,300,2000,15000,250000,0,0,0,0,0,0
175,233,3,20,0,0,0,0,104,20,673,300,2000,15000,250000,0,0,0,0,0,0
176,337,3,20,0,0,0,0,104,20,673,300,2000,15000,250000,0,0,0,0,0,0
177,441,3,20,0,0,0,0,104,20,673,300,2000,15000,250000,0,0,0,0,0,0
178,545,3,20,0,0,0,0,104,20,673,300,2000,15000,250000,0,0,0,0,0,0
179,649,3,20,0,0,0,0,104,20,673,300,2000,15000,250000,0,0,0,0,0,0
180,80,3,21,0,0,0,0,104,20,673,300,2000,15000,250000,0,1,0,0,0,0
181,184,3,21,0,0,0,0,109,20,741,300,2000,15000,250000,0,0,0,0,0,0
182,293,3,21,0,0,0,0,109,20,741,300,2000,15000,250000,0,0,0,0,0,0
183,402,3,21,0,0,0,0,109,20,741,300,2000,15000,250000,0,0,0,0,0,0
184,511,3,21,0,0,0,0,109,20,741,300,2000,15000,250000,0,0,0,0,0,0
185,620,3,21,0,0,0,0,109,20,741,300,2000,15000,250000,0,0,0,0,0,0
186,729,3,21,0,0,0,0,109,20,741,300,2000,15000,250000,0,0,0,0,0,0
187,97,3,22,0,0,0,0,109,20,741,300,2000,15000,250000,0,1,0,0,0,0
188,206,3,22,0,0,0,0,114,20,815,300,2000,15000,250000,0,0,0,0,0,0
189,320,3,22,0,0,0,0,114,20,815,300,2000,15000,250000,0,0,0,0,0,0
190,434,3,22,0,0,0,0,114,20,815,300,2000,15000,250000,0,0,0,0,0,0
191,548,3,22,0,0,0,0,114,20,815,300,2000,15000,250000,0,0,0,0,0,0
192,662,3,22,0,0,0,0,114,20,815,300,2000,15000,250000,0,0,0,0,0,0
193,776,3,22,0,0,0,0,114,20,815,300,2000,15000,250000,0,0,0,0,0,0
194,75,3,23,0,0,0,0,114,20,815,300,2000,15000,250000,0,1,0,0,0,0
195,189,3,23,0,0,0,0,119,20,896,300,2000,15000,250000,0,0,0,0,0,0
196,308,3,23,0,0,0,0,119,20,896,300,2000,15000,250000,0,0,0,0,0,0
197,427,3,23,0,0,0,0,119,20,896,300,2000,15000,250000,0,0,0,0,0,0
198,546,3,23,0,0,0,0,119,20,896,300,2000,15000,250000,0,0,0,0,0,0
199,665,3,23,0,0,0,0,119,20,896,300,2000,15000,250000,0,0,0,0,0,0
200,784,3,23,0,0,0,0,119,20,896,300,2000,15000,250000,0,0,0,0,0,0
201,7,3,24,0,0,0,0,119,20,896,300,2000,15000,250000,0,1,0,0,0,0
202,126,3,24,0,0,0,0,124,20,985,300,2000,15000,250000,0,0,0,0,0,0
203,250,3,24,0,0,0,0,124,20,985,300,2000,15000,250000,0,0,0,0,0,0
204,374,3,24,0,0,0,0,124,20,985,300,2000,15000,250000,0,0,0,0,0,0
205,498,3,24,0,0,0,0,124,20,985,300,2000,15000,250000,0,0,0,0,0,0
206,622,3,24,0,0,0,0,124,20,985,300,2000,15000,250000,0,0,0,0,0,0
207,746,3,24,0,0,0,0,124,20,985,300,2000,15000,250000,0,0,0,0,0,0
208,870,3,24,0,0,0,0,124,20,985,300,2000,15000,250000,0,0,0,0,0,0
209,9,3,25,0,0,0,0,124,20,985,300,2000,15000,250000,0,1,0,0,0,0
210,133,3,25,0,0,0,0,129,20,1084,300,2000,15000,250000,0,0,0,0,0,0
211,262,3,25,0,0,0,0,129,20,1084,300,2000,15000,250000,0,0,0,0,0,0
212,391,3,25,0,0,0,0,129,20,1084,300,2000,15000,250000,0,0,0,0,0,0
213,520,3,25,0,0,0,0,129,20,1084,300,2000,15000,250000,0,0,0,0,0,0
214,649,3,25,0,0,0,0,129,20,1084,300,2000,15000,250000,0,0,0,0,0,0
215,778,3,25,0,0,0,0,129,20,1084,300,2000,15000,250000,0,0,0,0,0,0
216,907,3,25,0,0,0,0,129,20,1084,300,2000,15000,250000,0,0,0,0,0,0
217,1036,3,25,0,0,0,0,129,20,1084,300,2000,15000,250000,0,0,0,0,0,0
218,81,3,26,0,0,0,0,129,20,1084,300,2000,15000,250000,0,1,0,0,0,0
219,210,3,26,0,0,0,0,134,20,1192,300,2000,15000,250000,0,0,0,0,0,0
220,344,3,26,0,0,0,0,134,20,1192,300,2000,15000,250000,0,0,0,0,0,0
221,478,3,26,0,0,0,0,134,20,1192,300,2000,15000,250000,0,0,0,0,0,0
222,612,3,26,0,0,0,0,134,20,1192,300,2000,15000,250000,0,0,0,0,0,0
223,746,3,26,0,0,0,0,134,20,1192,300,2000,15000,250000,0,0,0,0,0,0
224,880,3,26,0,0,0,0,134,20,1192,300,2000,15000,250000,0,0,0,0,0,0
225,1014,3,26,0,0,0,0,134,20,1192,300,2000,15000,250000,0,0,0,0,0,0
226,1148,3,26,0,0,0,0,134,20,1192,300,2000,15000,250000,0,0,0,0,0,0
227,90,3,27,0,0,0,0,134,20,1192,300,2000,15000,250000,0,1,0,0,0,0
228,224,3,27,0,0,0,0,139,20,1311,300,2000,15000,250000,0,0,0,0,0,0
229,363,3,27,0,0,0,0,139,20,1311,300,2000,15000,250000,0,0,0,0,0,0
230,502,3,27,0,0,0,0,139,20,1311,300,2000,15000,250000,0,0,0,0,0,0
231,641,3,27,0,0,0,0,139,20,1311,300,2000,15000,250000,0,0,0,0,0,0
232,780,3,27,0,0,0,0,139,20,1311,300,2000,15000,250000,0,0,0,0,0,0
233,919,3,27,0,0,0,0,139,20,1311,300,2000,15000,250000,0,0,0,0,0,0
234,1058,3,27,0,0,0,0,139,20,1311,300,2000,15000,250000,0,0,0,0,0,0
235,1197,3,27,0,0,0,0,139,20,1311,300,2000,15000,250000,0,0,0,0,0,0
236,25,3,28,0,0,0,0,139,20,1311,300,2000,15000,250000,0,1,0,0,0,0
237,164,3,28,0,0,0,0,144,20,1443,300,2000,15000,250000,0,0,0,0,0,0
238,308,3,28,0,0,0,0,144,20,1443,300,2000,15000,250000,0,0,0,0,0,0
239,452,3,28,0,0,0,0,144,20,1443,300,2000,15000,250000,0,0,0,0,0,0
240,596,3,28,0,0,0,0,144,20,1443,300,2000,15000,250000,0,0,0,0,0,0
241,740,3,28,0,0,0,0,144,20,1443,300,2000,15000,250000,0,0,0,0,0,0
242,884,3,28,0,0,0,0,144,20,1443,300,2000,15000,250000,0,0,0,0,0,0
243,1028,3,28,0,0,0,0,144,20,1443,300,2000,15000,250000,0,0,0,0,0,0
244,1172,3,28,0,0,0,0,144,20,1443,300,2000,15000,250000,0,0,0,0,0,0
245,1316,3,28,0,0,0,0,144,20,1443,300,2000,15000,250000,0,0,0,0,0,0
246,17,3,29,0,0,0,0,144,20,1443,300,2000,15000,250000,0,1,0,0,0,0
247,161,3,29,0,0,0,0,149,20,1587,300,2000,15000,250000,0,0,0,0,0,0
248,310,3,29,0,0,0,0,149,20,1587,300,2000,15000,250000,0,0,0,0,0,0
249,459,3,29,0,0,0,0,149,20,1587,300,2000,15000,250000,0,0,0,0,0,0
250,608,3,29,0,0,0,0,149,20,1587,300,2000,15000,250000,0,0,0,0,0,0
251,757,3,29,0,0,0,0,149,20,1587,300,2000,15000,250000,0,0,0,0,0,0
252,906,3,29,0,0,0,0,149,20,1587,300,2000,15000,250000,0,0,0,0,0,0
253,1055,3,29,0,0,0,0,149,20,1587,300,2000,15000,250000,0,0,0,0,0,0
254,1204,3,29,0,0,0,0,149,20,1587,300,2000,15000,250000,0,0,0,0,0,0
255,1353,3,29,0,0,0,0,149,20,1587,300,2000,15000,250000,0,0,0,0,0,0
256,1502,3,29,0,0,0,0,149,20,1587,300,2000,15000,250000,0,0,0,0,0,0
257,64,3,30,0,0,0,0,149,20,1587,300,2000,15000,250000,0,1,0,0,0,0
258,213,3,30,0,0,0,0,154,20,1745,300,2000,15000,250000,0,0,0,0,0,0
259,367,3,30,0,0,0,0,154,20,1745,300,2000,15000,250000,0,0,0,0,0,0
260,521,3,30,0,0,0,0,154,20,1745,300,2000,15000,250000,0,0,0,0,0,0
261,675,3,30,0,0,0,0,154,20,1745,300,2000,15000,250000,0,0,0,0,0,0
262,829,3,30,0,0,0,0,154,20,1745,300,2000,15000,250000,0,0,0,0,0,0
263,983,3,30,0,0,0,0,154,20,1745,300,2000,15000,250000,0,0,0,0,0,0
264,1137,3,30,0,0,0,0,154,20,1745,300,2000,15000,250000,0,0,0,0,0,0
265,1291,3,30,0,0,0,0,154,20,1745,300,2000,15000,250000,0,0,0,0,0,0
266,1445,3,30,0,0,0,0,154,20,1745,300,2000,15000,250000,0,0,0,0,0,0
267,1599,3,30,0,0,0,0,154,20,1745,300,2000,15000,250000,0,0,0,0,0,0
268,8,3,31,0,0,0,0,154,20,1745,300,2000,15000,250000,0,1,0,0,0,0
269,162,3,31,0,0,0,0,159,20,1920,300,2000,15000,250000,0,0,0,0,0,0
270,321,3,31,0,0,0,0,159,20,1920,300,2000,15000,250000,0,0,0,0,0,0
271,480,3,31,0,0,0,0,159,20,1920,300,2000,15000,250000,0,0,0,0,0,0
272,639,3,31,0,0,0,0,159,20,1920,300,2000,15000,250000,0,0,0,0,0,0
273,798,3,31,0,0,0,0,159,20,1920,300,2000,15000,250000,0,0,0,0,0,0
274,957,3,31,0,0,0,0,159,20,1920,300,2000,15000,250000,0,0,0,0,0,0
275,1116,3,31,0,0,0,0,159,20,1920,300,2000,15000,250000,0,0,0,0,0,0
276,1275,3,31,0,0,0,0,159,20,1920,300,2000,15000,250000,0,0,0,0,0,0
277,1434,3,31,0,0,0,0,159,20,1920,300,2000,15000,250000,0,0,0,0,0,0
278,1593,3,31,0,0,0,0,159,20,1920,300,2000,15000,250000,0,0,0,0,0,0
279,1752,3,31,0,0,0,0,159,20,1920,300,2000,15000,250000,0,0,0,0,0,0
280,1911,3,31,0,0,0,0,159,20,1920,300,2000,15000,250000,0,0,0,0,0,0
281,150,3,32,0,0,0,0,159,20,1920,300,2000,15000,250000,0,1,0,0,0,0
282,309,3,32,0,0,0,0,164,20,2112,300,2000,15000,250000,0,0,0,0,0,0
283,473,3,32,0,0,0,0,164,20,2112,300,2000,15000,250000,0,0,0,0,0,0
284,637,3,32,0,0,0,0,164,20,2112,300,2000,15000,250000,0,0,0,0,0,0
285,801,3,32,0,0,0,0,164,20,2112,300,2000,15000,250000,0,0,0,0,0,0
286,965,3,32,0,0,0,0,164,20,2112,300,2000,15000,250000,0,0,0,0,0,0
287,1129,3,32,0,0,0,0,164,20,2112,300,2000,15000,250000,0,0,0,0,0,0
288,1293,3,32,0,0,0,0,164,20,2112,300,2000,15000,250000,0,0,0,0,0,0
289,1457,3,32,0,0,0,0,164,20,2112,300,2000,15000,250000,0,0,0,0,0,0
290,1621,3,32,0,0,0,0,164,20,2112,300,2000,15000,250000,0,0,0,0,0,0
291,1785,3,32,0,0,0,0,164,20,2112,300,2000,15000,250000,0,0,0,0,0,0
292,1949,3,32,0,0,0,0,164,20,2112,300,2000,15000,250000,0,0,0,0,0,0
293,1,3,33,0,0,0,0,164,20,2112,300,2000,15000,250000,0,1,0,0,0,0
294,165,3,33,0,0,0,0,169,20,2323,300,2000,15000,250000,0,0,0,0,0,0
295,334,3,33,0,0,0,0,169,20,2323,300,2000,15000,250000,0,0,0,0,0,0
296,503,3,33,0,0,0,0,169,20,2323,300,2000,15000,250000,0,0,0,0,0,0
297,672,3,33,0,0,0,0,169,20,2323,300,2000,15000,250000,0,0,0,0,0,0
298,841,3,33,0,0,0,0,169,20,2323,300,2000,15000,250000,0,0,0,0,0,0
299,1010,3,33,0,0,0,0,169,20,2323,300,2000,15000,250000,0,0,0,0,0,0
300,1179,3,33,0,0,0,0,169,20,2323,300,2000,15000,250000,0,0,0,0,0,0
301,1348,3,33,0,0,0,0,169,20,2323,300,2000,15000,250000,0,0,0,0,0,0
302,1517,3,33,0,0,0,0,169,20,2323,300,2000,15000,250000,0,0,0,0,0,0
303,1686,3,33,0,0,0,0,169,20,2323,300,2000,15000,250000,0,0,0,0,0,0
304,1855,3,33,0,0,0,0,169,20,2323,300,2000,15000,250000,0,0,0,0,0,0
305,2024,3,33,0,0,0,0,169,20,2323,300,2000,15000,250000,0,0,0,0,0,0
306,2193,3,33,0,0,0,0,169,20,2323,300,2000,15000,250000,0,0,0,0,0,0
307,39,3,34,0,0,0,0,169,20,2323,300,2000,15000,250000,0,1,0,0,0,0
308,208,3,34,0,0,0,0,174,20,2555,300,2000,15000,250000,0,0,0,0,0,0
309,382,3,34,0,0,0,0,174,20,2555,300,2000,15000,250000,0,0,0,0,0,0
310,556,3,34,0,0,0,0,174,20,2555,300,2000,15000,250000,0,0,0,0,0,0
311,730,3,34,0,0,0,0,174,20,2555,300,2000,15000,250000,0,0,0,0,0,0
312,904,3,34,0,0,0,0,174,20,2555,300,2000,15000,250000,0,0,0,0,0,0
313,1078,3,34,0,0,0,0,174,20,2555,300,2000,15000,250000,0,0,0,0,0,0
314,1252,3,34,0,0,0,0,174,20,2555,300,2000,15000,250000,0,0,0,0,0,0
315,1426,3,34,0,0,0,0,174,20,2555,300,2000,15000,250000,0,0,0,0,0,0
316,1600,3,34,0,0,0,0,174,20,2555,300,2000,15000,250000,0,0,0,0,0,0
317,1774,3,34,0,0,0,0,174,20,2555,300,2000,15000,250000,0,0,0,0,0,0
318,1948,3,34,0,0,0,0,174,20,2555,300,2000,15000,250000,0,0,0,0,0,0
319,2122,3,34,0,0,0,0,174,20,2555,300,2000,15000,250000,0,0,0,0,0,0
320,2296,3,34,0,0,0,0,174,20,2555,300,2000,15000,250000,0,0,0,0,0,0
321,2470,3,34,0,0,0,0,174,20,2555,300,2000,15000,250000,0,0,0,0,0,0
322,89,3,35,0,0,0,0,174,20,2555,300,2000,15000,250000,0,1,0,0,0,0
323,263,3,35,0,0,0,0,179,20,2811,300,2000,15000,250000,0,0,0,0,0,0
324,442,3,35,0,0,0,0,179,20,2811,300,2000,15000,250000,0,0,0,0,0,0
325,621,3,35,0,0,0,0,179,20,2811,300,2000,15000,250000,0,0,0,0,0,0
326,800,3,35,0,0,0,0,179,20,2811,300,2000,15000,250000,0,0,0,0,0,0
327,979,3,35,0,0,0,0,179,20,2811,300,2000,15000,250000,0,0,0,0,0,0
328,1158,3,35,0,0,0,0,179,20,2811,300,2000,15000,250000,0,0,0,0,0,0
329,1337,3,35,0,0,0,0,179,20,2811,300,2000,15000,250000,0,0,0,0,0,0
330,1516,3,35,0,0,0,0,179,20,2811,300,2000,15000,250000,0,0,0,0,0,0
331,1695,3,35,0,0,0,0,179,20,2811,300,2000,15000,250000,0,0,0,0,0,0
332,1874,3,35,0,0,0,0,179,20,2811,300,2000,15000,250000,0,0,0,0,0,0
333,2053,3,35,0,0,0,0,179,20,2811,300,2000,15000,250000,0,0,0,0,0,0
334,2232,3,35,0,0,0,0,179,20,2811,300,2000,15000,250000,0,0,0,0,0,0
335,2411,3,35,0,0,0,0,179,20,2811,300,2000,15000,250000,0,0,0,0,0,0
336,2590,3,35,0,0,0,0,179,20,2811,300,2000,15000,250000,0,0,0,0,0,0
337,2769,3,35,0,0,0,0,179,20,2811,300,2000,15000,250000,0,0,0,0,0,0
338,137,3,36,0,0,0,0,179,20,2811,300,2000,15000,250000,0,1,0,0,0,0
339,316,3,36,0,0,0,0,184,20,3092,300,2000,15000,250000,0,0,0,0,0,0
340,500,3,36,0,0,0,0,184,20,3092,300,2000,15000,250000,0,0,0,0,0,0
341,684,3,36,0,0,0,0,184,20,3092,300,2000,15000,250000,0,0,0,0,0,0
342,868,3,36,0,0,0,0,184,20,3092,300,2000,15000,250000,0,0,0,0,0,0
343,1052,3,36,0,0,0,0,184,20,3092,300,2000,15000,250000,0,0,0,0,0,0
344,1236,3,36,0,0,0,0,184,20,3092,300,2000,15000,250000,0,0,0,0,0,0
345,1420,3,36,0,0,0,0,184,20,3092,300,2000,15000,250000,0,0,0,0,0,0
346,1604,3,36,0,0,0,0,184,20,3092,300,2000,15000,250000,0,0,0,0,0,0
347,1788,3,36,0,0,0,0,184,20,3092,300,2000,15000,250000,0,0,0,0,0,0
348,1972,3,36,0,0,0,0,184,20,3092,300,2000,15000,250000,0,0,0,0,0,0
349,2156,3,36,0,0,0,0,184,20,3092,300,2000,15000,250000,0,0,0,0,0,0
350,2340,3,36,0,0,0,0,184,20,3092,300,2000,15000,250000,0,0,0,0,0,0
351,2524,3,36,0,0,0,0,184,20,3092,300,2000,15000,250000,0,0,0,0,0,0
352,2708,3,36,0,0,0,0,184,20,3092,300,2000,15000,250000,0,0,0,0,0,0
353,2892,3,36,0,0,0,0,184,20,3092,300,2000,15000,250000,0,0,0,0,0,0
354,3076,3,36,0,0,0,0,184,20,3092,300,2000,15000,250000,0,0,0,0,0,0
355,168,3,37,0,0,0,0,184,20,3092,300,2000,15000,250000,0,1,0,0,0,0
356,352,3,37,0,0,0,0,189,20,3401,300,2000,15000,250000,0,0,0,0,0,0
357,541,3,37,0,0,0,0,189,20,3401,300,2000,15000,250000,0,0,0,0,0,0
358,730,3,37,0,0,0,0,189,20,3401,300,2000,15000,250000,0,0,0,0,0,0
359,919,3,37,0,0,0,0,189,20,3401,300,2000,15000,250000,0,0,0,0,0,0
360,1108,3,37,0,0,0,0,189,20,3401,300,2000,15000,250000,0,0,0,0,0,0
361,1297,3,37,0,0,0,0,189,20,3401,300,2000,15000,250000,0,0,0,0,0,0
362,1486,3,37,0,0,0,0,189,20,3401,300,2000,15000,250000,0,0,0,0,0,0
363,1675,3,37,0,0,0,0,189,20,3401,300,2000,15000,250000,0,0,0,0,0,0
364,1864,3,37,0,0,0,0,189,20,3401,300,2000,15000,250000,0,0,0,0,0,0
365,2053,3,37,0,0,0,0,189,20,3401,300,2000,15000,250000,0,0,0,0,0,0
366,2242,3,37,0,0,0,0,189,20,3401,300,2000,15000,250000,0,0,0,0,0,0
367,2431,3,37,0,0,0,0,189,20,3401,300,2000,15000,250000,0,0,0,0,0,0
368,2620,3,37,0,0,0,0,189,20,3401,300,2000,15000,250000,0,0,0,0,0,0
369,2809,3,37,0,0,0,0,189,20,3401,300,2000,15000,250000,0,0,0,0,0,0
370,2998,3,37,0,0,0,0,189,20,3401,300,2000,15000,250000,0,0,0,0,0,0
371,3187,3,37,0,0,0,0,189,20,3401,300,2000,15000,250000,0,0,0,0,0,0
372,3376,3,37,0,0,0,0,189,20,3401,300,2000,15000,250000,0,0,0,0,0,0
373,164,3,38,0,0,0,0,189,20,3401,300,2000,15000,250000,0,1,0,0,0,0
374,353,3,38,0,0,0,0,194,20,3741,300,2000,15000,250000,0,0,0,0,0,0
375,547,3,38,0,0,0,0,194,20,3741,300,2000,15000,250000,0,0,0,0,0,0
376,741,3,38,0,0,0,0,194,20,3741,300,2000,15000,250000,0,0,0,0,0,0
377,935,3,38,0,0,0,0,194,20,3741,300,2000,15000,250000,0,0,0,0,0,0
378,1129,3,38,0,0,0,0,194,20,3741,300,2000,15000,250000,0,0,0,0,0,0
379,1323,3,38,0,0,0,0,194,20,3741,300,2000,15000,250000,0,0,0,0,0,0
380,1517,3,38,0,0,0,0,194,20,3741,300,2000,15000,250000,0,0,0,0,0,0
381,1711,3,38,0,0,0,0,194,20,3741,300,2000,15000,250000,0,0,0,0,0,0
382,1905,3,38,0,0,0,0,194,20,3741,300,2000,15000,250000,0,0,0,0,0,0
383,2099,3,38,0,0,0,0,194,20,3741,300,2000,15000,250000,0,0,0,0,0,0
384,2293,3,38,0,0,0,0,194,20,3741,300,2000,15000,250000,0,0,0,0,0,0
385,2487,3,38,0,0,0,0,194,20,3741,300,2000,15000,250000,0,0,0,0,0,0
386,2681,3,38,0,0,0,0,194,20,3741,300,2000,15000,250000,0,0,0,0,0,0
387,2875,3,38,0,0,0,0,194,20,3741,300,2000,15000,250000,0,0,0,0,0,0
388,3069,3,38,0,0,0,0,194,20,3741,300,2000,15000,250000,0,0,0,0,0,0
389,3263,3,38,0,0,0,0,194,20,3741,300,2000,15000,250000,0,0,0,0,0,0
390,3457,3,38,0,0,0,0,194,20,3741,300,2000,15000,250000,0,0,0,0,0,0
391,3651,3,38,0,0,0,0,194,20,3741,300,2000,15000,250000,0,0,0,0,0,0
392,104,3,39,0,0,0,0,194,20,3741,300,2000,15000,250000,0,1,0,0,0,0
393,298,3,39,0,0,0,0,199,20,4115,300,2000,15000,250000,0,0,0,0,0,0
394,497,3,39,0,0,0,0,199,20,4115,300,2000,15000,250000,0,0,0,0,0,0
395,696,3,39,0,0,0,0,199,20,4115,300,2000,15000,250000,0,0,0,0,0,0
396,895,3,39,0,0,0,0,199,20,4115,300,2000,15000,250000,0,0,0,0,0,0
397,1094,3,39,0,0,0,0,199,20,4115,300,2000,15000,250000,0,0,0,0,0,0
398,1293,3,39,0,0,0,0,199,20,4115,300,2000,15000,250000,0,0,0,0,0,0
399,1492,3,39,0,0,0,0,199,20,4115,300,2000,15000,250000,0,0,0,0,0,0
400,1691,3,39,0,0,0,0,199,20,4115,300,2000,15000,250000,0,0,0,0,0,0
401,1890,3,39,0,0,0,0,199,20,4115,300,2000,15000,250000,0,0,0,0,0,0
402,2089,3,39,0,0,0,0,199,20,4115,300,2000,15000,250000,0,0,0,0,0,0
403,2288,3,39,0,0,0,0,199,20,4115,300,2000,15000,250000,0,0,0,0,0,0
404,2487,3,39,0,0,0,0,199,20,4115,300,2000,15000,250000,0,0,0,0,0,0
405,2686,3,39,0,0,0,0,199,20,4115,300,2000,15000,250000,0,0,0,0,0,0
406,2885,3,39,0,0,0,0,199,20,4115,300,2000,15000,250000,0,0,0,0,0,0
407,3084,3,39,0,0,0,0,199,20,4115,300,2000,15000,250000,0,0,0,0,0,0
408,3283,3,39,0,0,0,0,199,20,4115,300,2000,15000,250000,0,0,0,0,0,0
409,3482,3,39,0,0,0,0,199,20,4115,300,2000,15000,250000,0,0,0,0,0,0
410,3681,3,39,0,0,0,0,199,20,4115,300,2000,15000,250000,0,0,0,0,0,0
411,3880,3,39,0,0,0,0,199,20,4115,300,2000,15000,250000,0,0,0,0,0,0
412,4079,3,39,0,0,0,0,199,20,4115,300,2000,15000,250000,0,0,0,0,0,0
413,163,3,40,0,0,0,0,199,20,4115,300,2000,15000,250000,0,1,0,0,0,0
414,362,3,40,0,0,0,0,204,20,4526,300,2000,15000,250000,0,0,0,0,0,0
415,566,3,40,0,0,0,0,204,20,4526,300,2000,15000,250000,0,0,0,0,0,0
416,770,3,40,0,0,0,0,204,20,4526,300,2000,15000,250000,0,0,0,0,0,0
417,974,3,40,0,0,0,0,204,20,4526,300,2000,15000,250000,0,0,0,0,0,0
418,1178,3,40,0,0,0,0,204,20,4526,300,2000,15000,250000,0,0,0,0,0,0
419,1382,3,40,0,0,0,0,204,20,4526,300,2000,15000,250000,0,0,0,0,0,0
420,1586,3,40,0,0,0,0,204,20,4526,300,2000,15000,250000,0,0,0,0,0,0
421,1790,3,40,0,0,0,0,204,20,4526,300,2000,15000,250000,0,0,0,0,0,0
422,1994,3,40,0,0,0,0,204,20,4526,300,2000,15000,250000,0,0,0,0,0,0
423,2198,3,40,0,0,0,0,204,20,4526,300,2000,15000,250000,0,0,0,0,0,0
424,2402,3,40,0,0,0,0,204,20,4526,300,2000,15000,250000,0,0,0,0,0,0
425,2606,3,40,0,0,0,0,204,20,4526,300,2000,15000,250000,0,0,0,0,0,0
426,2810,3,40,0,0,0,0,204,20,4526,300,2000,15000,250000,0,0,0,0,0,0
427,3014,3,40,0,0,0,0,204,20,4526,300,2000,15000,250000,0,0,0,0,0,0
428,3218,3,40,0,0,0,0,204,20,4526,300,2000,15000,250000,0,0,0,0,0,0
429,3422,3,40,0,0,0,0,204,20,4526,300,2000,15000,250000,0,0,0,0,0,0
430,3626,3,40,0,0,0,0,204,20,4526,300,2000,15000,250000,0,0,0,0,0,0
431,3830,3,40,0,0,0,0,204,20,4526,300,2000,15000,250000,0,0,0,0,0,0
432,4034,3,40,0,0,0,0,204,20,4526,300,2000,15000,250000,0,0,0,0,0,0
433,4238,3,40,0,0,0,0,204,20,4526,300,2000,15000,250000,0,0,0,0,0,0
434,4442,3,40,0,0,0,0,204,20,4526,300,2000,15000,250000,0,0,0,0,0,0
435,120,3,41,0,0,0,0,204,20,4526,300,2000,15000,250000,0,1,0,0,0,0
436,324,3,41,0,0,0,0,209,20,4979,300,2000,15000,250000,0,0,0,0,0,0
437,533,3,41,0,0,0,0,209,20,4979,300,2000,15000,250000,0,0,0,0,0,0
438,742,3,41,0,0,0,0,209,20,4979,300,2000,15000,250000,0,0,0,0,0,0
439,951,3,41,0,0,0,0,209,20,4979,300,2000,15000,250000,0,0,0,0,0,0
440,1160,3,41,0,0,0,0,209,20,4979,300,2000,15000,250000,0,0,0,0,0,0
441,1369,3,41,0,0,0,0,209,20,4979,300,2000,15000,250000,0,0,0,0,0,0
442,1578,3,41,0,0,0,0,209,20,4979,300,2000,15000,250000,0,0,0,0,0,0
443,1787,3,41,0,0,0,0,209,20,4979,300,2000,15000,250000,0,0,0,0,0,0
444,1996,3,41,0,0,0,0,209,20,4979,300,2000,15000,250000,0,0,0,0,0,0
445,2205,3,41,0,0,0,0,209,20,4979,300,2000,15000,250000,0,0,0,0,0,0
446,2414,3,41,0,0,0,0,209,20,4979,300,2000,15000,250000,0,0,0,0,0,0
447,2623,3,41,0,0,0,0,209,20,4979,300,2000,15000,250000,0,0,0,0,0,0
448,2832,3,41,0,0,0,0,209,20,4979,300,2000,15000,250000,0,0,0,0,0,0
449,3041,3,41,0,0,0,0,209,20,4979,300,2000,15000,250000,0,0,0,0,0,0
450,3250,3,41,0,0,0,0,209,20,4979,300,2000,15000,250000,0,0,0,0,0,0
451,3459,3,41,0,0,0,0,209,20,4979,300,2000,15000,250000,0,0,0,0,0,0
452,3668,3,41,0,0,0,0,209,20,4979,300,2000,15000,250000,0,0,0,0,0,0
453,3877,3,41,0,0,0,0,209,20,4979,300,2000,15000,250000,0,0,0,0,0,0
454,4086,3,41,0,0,0,0,209,20,4979,300,2000,15000,250000,0,0,0,0,0,0
455,4295,3,41,0,0,0,0,209,20,4979,300,2000,15000,250000,0,0,0,0,0,0
456,4504,3,41,0,0,0,0,209,20,4979,300,2000,15000,250000,0,0,0,0,0,0
457,4713,3,41,0,0,0,0,209,20,4979,300,2000,15000,250000,0,0,0,0,0,0
458,4922,3,41,0,0,0,0,209,20,4979,300,2000,15000,250000,0,0,0,0,0,0
459,152,3,42,0,0,0,0,209,20,4979,300,2000,15000,250000,0,1,0,0,0,0
460,361,3,42,0,0,0,0,214,20,5477,300,2000,15000,250000,0,0,0,0,0,0
461,575,3,42,0,0,0,0,214,20,5477,300,2000,15000,250000,0,0,0,0,0,0
462,789,3,42,0,0,0,0,214,20,5477,300,2000,15000,250000,0,0,0,0,0,0
463,1003,3,42,0,0,0,0,214,20,5477,300,2000,15000,250000,0,0,0,0,0,0
464,1217,3,42,0,0,0,0,214,20,5477,300,2000,15000,250000,0,0,0,0,0,0
465,1431,3,42,0,0,0,0,214,20,5477,300,2000,15000,250000,0,0,0,0,0,0
466,1645,3,42,0,0,0,0,214,20,5477,300,2000,15000,250000,0,0,0,0,0,0
467,1859,3,42,0,0,0,0,214,20,5477,300,2000,15000,250000,0,0,0,0,0,0
468,2073,3,42,0,0,0,0,214,20,5477,300,2000,15000,250000,0,0,0,0,0,0
469,2287,3,42,0,0,0,0,214,20,5477,300,2000,15000,250000,0,0,0,0,0,0
470,2501,3,42,0,0,0,0,214,20,5477,300,2000,15000,250000,0,0,0,0,0,0
471,2715,3,42,0,0,0,0,214,20,5477,300,2000,15000,250000,0,0,0,0,0,0
472,2929,3,42,0,0,0,0,214,20,5477,300,2000,15000,250000,0,0,0,0,0,0
473,3143,3,42,0,0,0,0,214,20,5477,300,2000,15000,250000,0,0,0,0,0,0
474,3357,3,42,0,0,0,0,214,20,5477,300,2000,15000,250000,0,0,0,0,0,0
475,3571,3,42,0,0,0,0,214,20,5477,300,2000,15000,250000,0,0,0,0,0,0
476,3785,3,42,0,0,0,0,214,20,5477,300,2000,15000,250000,0,0,0,0,0,0
477,3999,3,42,0,0,0,0,214,20,5477,300,2000,15000,250000,0,0,0,0,0,0
478,4213,3,42,0,0,0,0,214,20,5477,300,2000,15000,250000,0,0,0,0,0,0
479,4427,3,42,0,0,0,0,214,20,5477,300,2000,15000,250000,0,0,0,0,0,0
480,4641,3,42,0,0,0,0,214,20,5477,300,2000,15000,250000,0,0,0,0,0,0
481,4855,3,42,0,0,0,0,214,20,5477,300,2000,15000,250000,0,0,0,0,0,0
482,5069,3,42,0,0,0,0,214,20,5477,300,2000,15000,250000,0,0,0,0,0,0
483,5283,3,42,0,0,0,0,214,20,5477,300,2000,15000,250000,0,0,0,0,0,0
484,20,3,43,0,0,0,0,214,20,5477,300,2000,15000,250000,0,1,0,0,0,0
485,234,3,43,0,0,0,0,219,20,6025,300,2000,15000,250000,0,0,0,0,0,0
486,453,3,43,0,0,0,0,219,20,6025,300,2000,15000,250000,0,0,0,0,0,0
487,672,3,43,0,0,0,0,219,20,6025,300,2000,15000,250000,0,0,0,0,0,0
488,891,3,43,0,0,0,0,219,20,6025,300,2000,15000,250000,0,0,0,0,0,0
489,1110,3,43,0,0,0,0,219,20,6025,300,2000,15000,250000,0,0,0,0,0,0
490,1329,3,43,0,0,0,0,219,20,6025,300,2000,15000,250000,0,0,0,0,0,0
491,1548,3,43,0,0,0,0,219,20,6025,300,2000,15000,250000,0,0,0,0,0,0
492,1767,3,43,0,0,0,0,219,20,6025,300,2000,15000,250000,0,0,0,0,0,0
493,1986,3,43,0,0,0,0,219,20,6025,300,2000,15000,250000,0,0,0,0,0,0
494,2205,3,43,0,0,0,0,219,20,6025,300,2000,15000,250000,0,0,0,0,0,0
495,2424,3,43,0,0,0,0,219,20,6025,300,2000,15000,250000,0,0,0,0,0,0
496,2643,3,43,0,0,0,0,219,20,6025,300,2000,15000,250000,0,0,0,0,0,0
497,2862,3,43,0,0,0,0,219,20,6025,300,2000,15000,250000,0,0,0,0,0,0
498,3081,3,43,0,0,0,0,219,20,6025,300,2000,15000,250000,0,0,0,0,0,0
499,3300,3,43,0,0,0,0,219,20,6025,300,2000,15000,250000,0,0,0,0,0,0
500,3519,3,43,0,0,0,0,219,20,6025,300,2000,15000,250000,0,0,0,0,0,0
501,3738,3,43,0,0,0,0,219,20,6025,300,2000,15000,250000,0,0,0,0,0,0
502,3957,3,43,0,0,0,0,219,20,6025,300,2000,15000,250000,0,0,0,0,0,0
503,4176,3,43,0,0,0,0,219,20,6025,300,2000,15000,250000,0,0,0,0,0,0
504,4395,3,43,0,0,0,0,219,20,6025,300,2000,15000,250000,0,0,0,0,0,0
505,4614,3,43,0,0,0,0,219,20,6025,300,2000,15000,250000,0,0,0,0,0,0
506,4833,3,43,0,0,0,0,219,20,6025,300,2000,15000,250000,0,0,0,0,0,0
507,5052,3,43,0,0,0,0,219,20,6025,300,2000,15000,250000,0,0,0,0,0,0
508,5271,3,43,0,0,0,0,219,20,6025,300,2000,15000,250000,0,0,0,0,0,0
509,5490,3,43,0,0,0,0,219,20,6025,300,2000,15000,250000,0,0,0,0,0,0
510,5709,3,43,0,0,0,0,219,20,6025,300,2000,15000,250000,0,0,0,0,0,0
511,5928,3,43,0,0,0,0,219,20,6025,300,2000,15000,250000,0,0,0,0,0,0
512,122,3,44,0,0,0,0,219,20,6025,300,2000,15000,250000,0,1,0,0,0,0
513,341,3,44,0,0,0,0,224,20,6627,300,2000,15000,250000,0,0,0,0,0,0
514,565,3,44,0,0,0,0,224,20,6627,300,2000,15000,250000,0,0,0,0,0,0
515,789,3,44,0,0,0,0,224,20,6627,300,2000,15000,250000,0,0,0,0,0,0
516,1013,3,44,0,0,0,0,224,20,6627,300,2000,15000,250000,0,0,0,0,0,0
517,1237,3,44,0,0,0,0,224,20,6627,300,2000,15000,250000,0,0,0,0,0,0
518,1461,3,44,0,0,0,0,224,20,6627,300,2000,15000,250000,0,0,0,0,0,0
519,1685,3,44,0,0,0,0,224,20,6627,300,2000,15000,250000,0,0,0,0,0,0
520,1909,3,44,0,0,0,0,224,20,6627,300,2000,15000,250000,0,0,0,0,0,0
521,2133,3,44,0,0,0,0,224,20,6627,300,2000,15000,250000,0,0,0,0,0,0
522,2357,3,44,0,0,0,0,224,20,6627,300,2000,15000,250000,0,0,0,0,0,0
523,2581,3,44,0,0,0,0,224,20,6627,300,2000,15000,250000,0,0,0,0,0,0
524,2805,3,44,0,0,0,0,224,20,6627,300,2000,15000,250000,0,0,0,0,0,0
525,3029,3,44,0,0,0,0,224,20,6627,300,2000,15000,250000,0,0,0,0,0,0
526,3253,3,44,0,0,0,0,224,20,6627,300,2000,15000,250000,0,0,0,0,0,0
527,3477,3,44,0,0,0,0,224,20,6627,300,2000,15000,250000,0,0,0,0,0,0
528,3701,3,44,0,0,0,0,224,20,6627,300,2000,15000,250000,0,0,0,0,0,0
529,3925,3,44,0,0,0,0,224,20,6627,300,2000,15000,250000,0,0,0,0,0,0
530,4149,3,44,0,0,0,0,224,20,6627,300,2000,15000,250000,0,0,0,0,0,0
531,4373,3,44,0,0,0,0,224,20,6627,300,2000,15000,250000,0,0,0,0,0,0
532,4597,3,44,0,0,0,0,224,20,6627,300,2000,15000,250000,0,0,0,0,0,0
533,4821,3,44,0,0,0,0,224,20,6627,300,2000,15000,250000,0,0,0,0,0,0
534,5045,3,44,0,0,0,0,224,20,6627,300,2000,15000,250000,0,0,0,0,0,0
535,5269,3,44,0,0,0,0,224,20,6627,300,2000,15000,250000,0,0,0,0,0,0
536,5493,3,44,0,0,0,0,224,20,6627,300,2000,15000,250000,0,0,0,0,0,0
537,5717,3,44,0,0,0,0,224,20,6627,300,2000,15000,250000,0,0,0,0,0,0
538,5941,3,44,0,0,0,0,224,20,6627,300,2000,15000,250000,0,0,0,0,0,0
539,6165,3,44,0,0,0,0,224,20,6627,300,2000,15000,250000,0,0,0,0,0,0
540,6389,3,44,0,0,0,0,224,20,6627,300,2000,15000,250000,0,0,0,0,0,0
541,6613,3,44,0,0,0,0,224,20,6627,300,2000,15000,250000,0,0,0,0,0,0
542,210,3,45,0,0,0,0,224,20,6627,300,2000,15000,250000,0,1,0,0,0,0
543,434,3,45,0,0,0,0,229,20,7290,300,2000,15000,250000,0,0,0,0,0,0
544,663,3,45,0,0,0,0,229,20,7290,300,2000,15000,250000,0,0,0,0,0,0
545,892,3,45,0,0,0,0,229,20,7290,300,2000,15000,250000,0,0,0,0,0,0
546,1121,3,45,0,0,0,0,229,20,7290,300,2000,15000,250000,0,0,0,0,0,0
547,1350,3,45,0,0,0,0,229,20,7290,300,2000,15000,250000,0,0,0,0,0,0
548,1579,3,45,0,0,0,0,229,20,7290,300,2000,15000,250000,0,0,0,0,0,0
549,1808,3,45,0,0,0,0,229,20,7290,300,2000,15000,250000,0,0,0,0,0,0
550,2037,3,45,0,0,0,0,229,20,7290,300,2000,15000,250000,0,0,0,0,0,0
551,2266,3,45,0,0,0,0,229,20,7290,300,2000,15000,250000,0,0,0,0,0,0
552,2495,3,45,0,0,0,0,229,20,7290,300,2000,15000,250000,0,0,0,0,0,0
553,2724,3,45,0,0,0,0,229,20,7290,300,2000,15000,250000,0,0,0,0,0,0
554,2953,3,45,0,0,0,0,229,20,7290,300,2000,15000,250000,0,0,0,0,0,0
555,3182,3,45,0,0,0,0,229,20,7290,300,2000,15000,250000,0,0,0,0,0,0
556,3411,3,45,0,0,0,0,229,20,7290,300,2000,15000,250000,0,0,0,0,0,0
557,3640,3,45,0,0,0,0,229,20,7290,300,2000,15000,250000,0,0,0,0,0,0
558,3869,3,45,0,0,0,0,229,20,7290,300,2000,15000,250000,0,0,0,0,0,0
559,4098,3,45,0,0,0,0,229,20,7290,300,2000,15000,250000,0,0,0,0,0,0
560,4327,3,45,0,0,0,0,229,20,7290,300,2000,15000,250000,0,0,0,0,0,0
561,4556,3,45,0,0,0,0,229,20,7290,300,2000,15000,250000,0,0,0,0,0,0
562,4785,3,45,0,0,0,0,229,20,7290,300,2000,15000,250000,0,0,0,0,0,0
563,5014,3,45,0,0,0,0,229,20,7290,300,2000,15000,250000,0,0,0,0,0,0
564,5243,3,45,0,0,0,0,229,20,7290,300,2000,15000,250000,0,0,0,0,0,0
565,5472,3,45,0,0,0,0,229,20,7290,300,2000,15000,250000,0,0,0,0,0,0
566,5701,3,45,0,0,0,0,229,20,7290,300,2000,15000,250000,0,0,0,0,0,0
567,5930,3,45,0,0,0,0,229,20,7290,300,2000,15000,250000,0,0,0,0,0,0
568,6159,3,45,0,0,0,0,229,20,7290,300,2000,15000,250000,0,0,0,0,0,0
569,6388,3,45,0,0,0,0,229,20,7290,300,2000,15000,250000,0,0,0,0,0,0
570,6617,3,45,0,0,0,0,229,20,7290,300,2000,15000,250000,0,0,0,0,0,0
571,6846,3,45,0,0,0,0,229,20,7290,300,2000,15000,250000,0,0,0,0,0,0
572,7075,3,45,0,0,0,0,229,20,7290,300,2000,15000,250000,0,0,0,0,0,0
573,14,3,46,0,0,0,0,229,20,7290,300,2000,15000,250000,0,1,0,0,0,0
574,243,3,46,0,0,0,0,234,20,8018,300,2000,15000,250000,0,0,0,0,0,0
575,477,3,46,0,0,0,0,234,20,8018,300,2000,15000,250000,0,0,0,0,0,0
576,711,3,46,0,0,0,0,234,20,8018,300,2000,15000,250000,0,0,0,0,0,0
577,945,3,46,0,0,0,0,234,20,8018,300,2000,15000,250000,0,0,0,0,0,0
578,1179,3,46,0,0,0,0,234,20,8018,300,2000,15000,250000,0,0,0,0,0,0
579,1413,3,46,0,0,0,0,234,20,8018,300,2000,15000,250000,0,0,0,0,0,0
580,1647,3,46,0,0,0,0,234,20,8018,300,2000,15000,250000,0,0,0,0,0,0
581,1881,3,46,0,0,0,0,234,20,8018,300,2000,15000,250000,0,0,0,0,0,0
582,2115,3,46,0,0,0,0,234,20,8018,300,2000,15000,250000,0,0,0,0,0,0
583,2349,3,46,0,0,0,0,234,20,8018,300,2000,15000,250000,0,0,0,0,0,0
584,2583,3,46,0,0,0,0,234,20,8018,300,2000,15000,250000,0,0,0,0,0,0
585,2817,3,46,0,0,0,0,234,20,8018,300,2000,15000,250000,0,0,0,0,0,0
586,3051,3,46,0,0,0,0,234,20,8018,300,2000,15000,250000,0,0,0,0,0,0
587,3285,3,46,0,0,0,0,234,20,8018,300,2000,15000,250000,0,0,0,0,0,0
588,3519,3,46,0,0,0,0,234,20,8018,300,2000,15000,250000,0,0,0,0,0,0
589,3753,3,46,0,0,0,0,234,20,8018,300,2000,15000,250000,0,0,0,0,0,0
590,3987,3,46,0,0,0,0,234,20,8018,300,2000,15000,250000,0,0,0,0,0,0
591,4221,3,46,0,0,0,0,234,20,8018,300,2000,15000,250000,0,0,0,0,0,0
592,4455,3,46,0,0,0,0,234,20,8018,300,2000,15000,250000,0,0,0,0,0,0
593,4689,3,46,0,0,0,0,234,20,8018,300,2000,15000,250000,0,0,0,0,0,0
594,4923,3,46,0,0,0,0,234,20,8018,300,2000,15000,250000,0,0,0,0,0,0
595,5157,3,46,0,0,0,0,234,20,8018,300,2000,15000,250000,0,0,0,0,0,0
596,5391,3,46,0,0,0,0,234,20,8018,300,2000,15000,250000,0,0,0,0,0,0
597,5625,3,46,0,0,0,0,234,20,8018,300,2000,15000,250000,0,0,0,0,0,0
598,5859,3,46,0,0,0,0,234,20,8018,300,2000,15000,250000,0,0,0,0,0,0
599,6093,3,46,0,0,0,0,234,20,8018,300,2000,15000,250000,0,0,0,0,0,0
600,6327,3,46,0,0,0,0,234,20,8018,300,2000,15000,250000,0,0,0,0,0,0
601,6561,3,46,0,0,0,0,234,20,8018,300,2000,15000,250000,0,0,0,0,0,0
602,6795,3,46,0,0,0,0,234,20,8018,300,2000,15000,250000,0,0,0,0,0,0
603,7029,3,46,0,0,0,0,234,20,8018,300,2000,15000,250000,0,0,0,0,0,0
604,7263,3,46,0,0,0,0,234,20,8018,300,2000,15000,250000,0,0,0,0,0,0
605,7497,3,46,0,0,0,0,234,20,8018,300,2000,15000,250000,0,0,0,0,0,0
606,7731,3,46,0,0,0,0,234,20,8018,300,2000,15000,250000,0,0,0,0,0,0
607,7965,3,46,0,0,0,0,234,20,8018,300,2000,15000,250000,0,0,0,0,0,0
608,181,3,47,0,0,0,0,234,20,8018,300,2000,15000,250000,0,1,0,0,0,0
609,415,3,47,0,0,0,0,239,20,8820,300,2000,15000,250000,0,0,0,0,0,0
610,654,3,47,0,0,0,0,239,20,8820,300,2000,15000,250000,0,0,0,0,0,0
611,893,3,47,0,0,0,0,239,20,8820,300,2000,15000,250000,0,0,0,0,0,0
612,1132,3,47,0,0,0,0,239,20,8820,300,2000,15000,250000,0,0,0,0,0,0
613,1371,3,47,0,0,0,0,239,20,8820,300,2000,15000,250000,0,0,0,0,0,0
614,1610,3,47,0,0,0,0,239,20,8820,300,2000,15000,250000,0,0,0,0,0,0
615,1849,3,47,0,0,0,0,239,20,8820,300,2000,15000,250000,0,0,0,0,0,0
616,2088,3,47,0,0,0,0,239,20,8820,300,2000,15000,250000,0,0,0,0,0,0
617,2327,3,47,0,0,0,0,239,20,8820,300,2000,15000,250000,0,0,0,0,0,0
618,2566,3,47,0,0,0,0,239,20,8820,300,2000,15000,250000,0,0,0,0,0,0
619,2805,3,47,0,0,0,0,239,20,8820,300,2000,15000,250000,0,0,0,0,0,0
620,3044,3,47,0,0,0,0,239,20,8820,300,2000,15000,250000,0,0,0,0,0,0
621,3283,3,47,0,0,0,0,239,20,8820,300,2000,15000,250000,0,0,0,0,0,0
622,3522,3,47,0,0,0,0,239,20,8820,300,2000,15000,250000,0,0,0,0,0,0
623,3761,3,47,0,0,0,0,239,20,8820,300,2000,15000,250000,0,0,0,0,0,0
624,4000,3,47,0,0,0,0,239,20,8820,300,2000,15000,250000,0,0,0,0,0,0
625,4239,3,47,0,0,0,0,239,20,8820,300,2000,15000,250000,0,0,0,0,0,0
626,4478,3,47,0,0,0,0,239,20,8820,300,2000,15000,250000,0,0,0,0,0,0
627,4717,3,47,0,0,0,0,239,20,8820,300,2000,15000,250000,0,0,0,0,0,0
628,4956,3,47,0,0,0,0,239,20,8820,300,2000,15000,250000,0,0,0,0,0,0
629,5195,3,47,0,0,0,0,239,20,8820,300,2000,15000,250000,0,0,0,0,0,0
630,5434,3,47,0,0,0,0,239,20,8820,300,2000,15000,250000,0,0,0,0,0,0
631,5673,3,47,0,0,0,0,239,20,8820,300,2000,15000,250000,0,0,0,0,0,0
632,5912,3,47,0,0,0,0,239,20,8820,300,2000,15000,250000,0,0,0,0,0,0
633,6151,3,47,0,0,0,0,239,20,8820,300,2000,15000,250000,0,0,0,0,0,0
634,6390,3,47,0,0,0,0,239,20,8820,300,2000,15000,250000,0,0,0,0,0,0
635,6629,3,47,0,0,0,0,239,20,8820,300,2000,15000,250000,0,0,0,0,0,0
636,6868,3,47,0,0,0,0,239,20,8820,300,2000,15000,250000,0,0,0,0,0,0
637,7107,3,47,0,0,0,0,239,20,8820,300,2000,15000,250000,0,0,0,0,0,0
638,7346,3,47,0,0,0,0,239,20,8820,300,2000,15000,250000,0,0,0,0,0,0
639,7585,3,47,0,0,0,0,239,20,8820,300,2000,15000,250000,0,0,0,0,0,0
640,7824,3,47,0,0,0,0,239,20,8820,300,2000,15000,250000,0,0,0,0,0,0
641,8063,3,47,0,0,0,0,239,20,8820,300,2000,15000,250000,0,0,0,0,0,0
642,8302,3,47,0,0,0,0,239,20,8820,300,2000,15000,250000,0,0,0,0,0,0
643,8541,3,47,0,0,0,0,239,20,8820,300,2000,15000,250000,0,0,0,0,0,0
644,8780,3,47,0,0,0,0,239,20,8820,300,2000,15000,250000,0,0,0,0,0,0
645,199,3,48,0,0,0,0,239,20,8820,300,2000,15000,250000,0,1,0,0,0,0
646,438,3,48,0,0,0,0,244,20,9702,300,2000,15000,250000,0,0,0,0,0,0
647,682,3,48,0,0,0,0,244,20,9702,300,2000,15000,250000,0,0,0,0,0,0
648,926,3,48,0,0,0,0,244,20,9702,300,2000,15000,250000,0,0,0,0,0,0
649,1170,3,48,0,0,0,0,244,20,9702,300,2000,15000,250000,0,0,0,0,0,0
650,1414,3,48,0,0,0,0,244,20,9702,300,2000,15000,250000,0,0,0,0,0,0
651,1658,3,48,0,0,0,0,244,20,9702,300,2000,15000,250000,0,0,0,0,0,0
652,1902,3,48,0,0,0,0,244,20,9702,300,2000,15000,250000,0,0,0,0,0,0
653,2146,3,48,0,0,0,0,244,20,9702,300,2000,15000,250000,0,0,0,0,0,0
654,2390,3,48,0,0,0,0,244,20,9702,300,2000,15000,250000,0,0,0,0,0,0
655,2634,3,48,0,0,0,0,244,20,9702,300,2000,15000,250000,0,0,0,0,0,0
656,2878,3,48,0,0,0,0,244,20,9702,300,2000,15000,250000,0,0,0,0,0,0
657,3122,3,48,0,0,0,0,244,20,9702,300,2000,15000,250000,0,0,0,0,0,0
658,3366,3,48,0,0,0,0,244,20,9702,300,2000,15000,250000,0,0,0,0,0,0
659,3610,3,48,0,0,0,0,244,20,9702,300,2000,15000,250000,0,0,0,0,0,0
660,3854,3,48,0,0,0,0,244,20,9702,300,2000,15000,250000,0,0,0,0,0,0
661,4098,3,48,0,0,0,0,244,20,9702,300,2000,15000,250000,0,0,0,0,0,0
662,4342,3,48,0,0,0,0,244,20,9702,300,2000,15000,250000,0,0,0,0,0,0
663,4586,3,48,0,0,0,0,244,20,9702,300,2000,15000,250000,0,0,0,0,0,0
664,4830,3,48,0,0,0,0,244,20,9702,300,2000,15000,250000,0,0,0,0,0,0
665,5074,3,48,0,0,0,0,244,20,9702,300,2000,15000,250000,0,0,0,0,0,0
666,5318,3,48,0,0,0,0,244,20,9702,300,2000,15000,250000,0,0,0,0,0,0
667,5562,3,48,0,0,0,0,244,20,9702,300,2000,15000,250000,0,0,0,0,0,0
668,5806,3,48,0,0,0,0,244,20,9702,300,2000,15000,250000,0,0,0,0,0,0
669,6050,3,48,0,0,0,0,244,20,9702,300,2000,15000,250000,0,0,0,0,0,0
670,6294,3,48,0,0,0,0,244,20,9702,300,2000,15000,250000,0,0,0,0,0,0
671,6538,3,48,0,0,0,0,244,20,9702,300,2000,15000,250000,0,0,0,0,0,0
672,6782,3,48,0,0,0,0,244,20,9702,300,2000,15000,250000,0,0,0,0,0,0
673,7026,3,48,0,0,0,0,244,20,9702,300,2000,15000,250000,0,0,0,0,0,0
674,7270,3,48,0,0,0,0,244,20,9702,300,2000,15000,250000,0,0,0,0,0,0
675,7514,3,48,0,0,0,0,244,20,9702,300,2000,15000,250000,0,0,0,0,0,0
676,7758,3,48,0,0,0,0,244,20,9702,300,2000,15000,250000,0,0,0,0,0,0
677,8002,3,48,0,0,0,0,244,20,9702,300,2000,15000,250000,0,0,0,0,0,0
678,8246,3,48,0,0,0,0,244,20,9702,300,2000,15000,250000,0,0,0,0,0,0
679,8490,3,48,0,0,0,0,244,20,9702,300,2000,15000,250000,0,0,0,0,0,0
680,8734,3,48,0,0,0,0,244,20,9702,300,2000,15000,250000,0,0,0,0,0,0
681,8978,3,48,0,0,0,0,244,20,9702,300,2000,15000,250000,0,0,0,0,0,0
682,9222,3,48,0,0,0,0,244,20,9702,300,2000,15000,250000,0,0,0,0,0,0
683,9466,3,48,0,0,0,0,244,20,9702,300,2000,15000,250000,0,0,0,0,0,0
684,8,3,49,0,0,0,0,244,20,9702,300,2000,15000,250000,0,1,0,0,0,0
685,252,3,49,0,0,0,0,249,20,10672,300,2000,15000,250000,0,0,0,0,0,0
686,501,3,49,0,0,0,0,249,20,10672,300,2000,15000,250000,0,0,0,0,0,0
687,750,3,49,0,0,0,0,249,20,10672,300,2000,15000,250000,0,0,0,0,0,0
688,999,3,49,0,0,0,0,249,20,10672,300,2000,15000,250000,0,0,0,0,0,0
689,1248,3,49,0,0,0,0,249,20,10672,300,2000,15000,250000,0,0,0,0,0,0
690,1497,3,49,0,0,0,0,249,20,10672,300,2000,15000,250000,0,0,0,0,0,0
691,1746,3,49,0,0,0,0,249,20,10672,300,2000,15000,250000,0,0,0,0,0,0
692,1995,3,49,0,0,0,0,249,20,10672,300,2000,15000,250000,0,0,0,0,0,0
693,2244,3,49,0,0,0,0,249,20,10672,300,2000,15000,250000,0,0,0,0,0,0
694,2493,3,49,0,0,0,0,249,20,10672,300,2000,15000,250000,0,0,0,0,0,0
695,2742,3,49,0,0,0,0,249,20,10672,300,2000,15000,250000,0,0,0,0,0,0
696,2991,3,49,0,0,0,0,249,20,10672,300,2000,15000,250000,0,0,0,0,0,0
697,3240,3,49,0,0,0,0,249,20,10672,300,2000,15000,250000,0,0,0,0,0,0
698,3489,3,49,0,0,0,0,249,20,10672,300,2000,15000,250000,0,0,0,0,0,0
699,3738,3,49,0,0,0,0,249,20,10672,300,2000,15000,250000,0,0,0,0,0,0
700,3987,3,49,0,0,0,0,249,20,10672,300,2000,15000,250000,0,0,0,0,0,0
701,4236,3,49,0,0,0,0,249,20,10672,300,2000,15000,250000,0,0,0,0,0,0
702,4485,3,49,0,0,0,0,249,20,10672,300,2000,15000,250000,0,0,0,0,0,0
703,4734,3,49,0,0,0,0,249,20,10672,300,2000,15000,250000,0,0,0,0,0,0
704,4983,3,49,0,0,0,0,249,20,10672,300,2000,15000,250000,0,0,0,0,0,0
705,5232,3,49,0,0,0,0,249,20,10672,300,2000,15000,250000,0,0,0,0,0,0
706,5481,3,49,0,0,0,0,249,20,10672,300,2000,15000,250000,0,0,0,0,0,0
707,5730,3,49,0,0,0,0,249,20,10672,300,2000,15000,250000,0,0,0,0,0,0
708,5979,3,49,0,0,0,0,249,20,10672,300,2000,15000,250000,0,0,0,0,0,0
709,6228,3,49,0,0,0,0,249,20,10672,300,2000,15000,250000,0,0,0,0,0,0
710,6477,3,49,0,0,0,0,249,20,10672,300,2000,15000,250000,0,0,0,0,0,0
711,6726,3,49,0,0,0,0,249,20,10672,300,2000,15000,250000,0,0,0,0,0,0
712,6975,3,49,0,0,0,0,249,20,10672,300,2000,15000,250000,0,0,0,0,0,0
713,7224,3,49,0,0,0,0,249,20,10672,300,2000,15000,250000,0,0,0,0,0,0
714,7473,3,49,0,0,0,0,249,20,10672,300,2000,15000,250000,0,0,0,0,0,0
715,7722,3,49,0,0,0,0,249,20,10672,300,2000,15000,250000,0,0,0,0,0,0
716,7971,3,49,0,0,0,0,249,20,10672,300,2000,15000,250000,0,0,0,0,0,0
717,8220,3,49,0,0,0,0,249,20,10672,300,2000,15000,250000,0,0,0,0,0,0
718,8469,3,49,0,0,0,0,249,20,10672,300,2000,15000,250000,0,0,0,0,0,0
719,8718,3,49,0,0,0,0,249,20,10672,300,2000,15000,250000,0,0,0,0,0,0
720,8967,3,49,0,0,0,0,249,20,10672,300,2000,15000,250000,0,0,0,0,0,0
721,9216,3,49,0,0,0,0,249,20,10672,300,2000,15000,250000,0,0,0,0,0,0
722,9465,3,49,0,0,0,0,249,20,10672,300,2000,15000,250000,0,0,0,0,0,0
723,9714,3,49,0,0,0,0,249,20,10672,300,2000,15000,250000,0,0,0,0,0,0
724,9963,3,49,0,0,0,0,249,20,10672,300,2000,15000,250000,0,0,0,0,0,0
725,10212,3,49,0,0,0,0,249,20,10672,300,2000,15000,250000,0,0,0,0,0,0
726,10461,3,49,0,0,0,0,249,20,10672,300,2000,15000,250000,0,0,0,0,0,0
727,38,3,50,0,0,0,0,249,20,10672,300,2000,15000,250000,0,1,0,0,0,0
728,287,3,50,0,0,0,0,254,20,11740,300,2000,15000,250000,0,0,0,0,0,0
729,541,3,50,0,0,0,0,254,20,11740,300,2000,15000,250000,0,0,0,0,0,0
730,795,3,50,0,0,0,0,254,20,11740,300,2000,15000,250000,0,0,0,0,0,0
731,1049,3,50,0,0,0,0,254,20,11740,300,2000,15000,250000,0,0,0,0,0,0
732,1303,3,50,0,0,0,0,254,20,11740,300,2000,15000,250000,0,0,0,0,0,0
733,1557,3,50,0,0,0,0,254,20,11740,300,2000,15000,250000,0,0,0,0,0,0
734,1811,3,50,0,0,0,0,254,20,11740,300,2000,15000,250000,0,0,0,0,0,0
735,2065,3,50,0,0,0,0,254,20,11740,300,2000,15000,250000,0,0,0,0,0,0
736,2319,3,50,0,0,0,0,254,20,11740,300,2000,15000,250000,0,0,0,0,0,0
737,2573,3,50,0,0,0,0,254,20,11740,300,2000,15000,250000,0,0,0,0,0,0
738,2827,3,50,0,0,0,0,254,20,11740,300,2000,15000,250000,0,0,0,0,0,0
739,3081,3,50,0,0,0,0,254,20,11740,300,2000,15000,250000,0,0,0,0,0,0
740,3335,3,50,0,0,0,0,254,20,11740,300,2000,15000,250000,0,0,0,0,0,0
741,3589,3,50,0,0,0,0,254,20,11740,300,2000,15000,250000,0,0,0,0,0,0
742,3843,3,50,0,0,0,0,254,20,11740,300,2000,15000,250000,0,0,0,0,0,0
743,4097,3,50,0,0,0,0,254,20,11740,300,2000,15000,250000,0,0,0,0,0,0
744,4351,3,50,0,0,0,0,254,20,11740,300,2000,15000,250000,0,0,0,0,0,0
745,4605,3,50,0,0,0,0,254,20,11740,300,2000,15000,250000,0,0,0,0,0,0
746,4859,3,50,0,0,0,0,254,20,11740,300,2000,15000,250000,0,0,0,0,0,0
747,5113,3,50,0,0,0,0,254,20,11740,300,2000,15000,250000,0,0,0,0,0,0
748,5367,3,50,0,0,0,0,254,20,11740,300,2000,15000,250000,0,0,0,0,0,0
749,5621,3,50,0,0,0,0,254,20,11740,300,2000,15000,250000,0,0,0,0,0,0
750,5875,3,50,0,0,0,0,254,20,11740,300,2000,15000,250000,0,0,0,0,0,0
751,6129,3,50,0,0,0,0,254,20,11740,300,2000,15000,250000,0,0,0,0,0,0
752,6383,3,50,0,0,0,0,254,20,11740,300,2000,15000,250000,0,0,0,0,0,0
753,6637,3,50,0,0,0,0,254,20,11740,300,2000,15000,250000,0,0,0,0,0,0
754,6891,3,50,0,0,0,0,254,20,11740,300,2000,15000,250000,0,0,0,0,0,0
755,7145,3,50,0,0,0,0,254,20,11740,300,2000,15000,250000,0,0,0,0,0,0
756,7399,3,50,0,0,0,0,254,20,11740,300,2000,15000,250000,0,0,0,0,0,0
757,7653,3,50,0,0,0,0,254,20,11740,300,2000,15000,250000,0,0,0,0,0,0
758,7907,3,50,0,0,0,0,254,20,11740,300,2000,15000,250000,0,0,0,0,0,0
759,8161,3,50,0,0,0,0,254,20,11740,300,2000,15000,250000,0,0,0,0,0,0
760,8415,3,50,0,0,0,0,254,20,11740,300,2000,15000,250000,0,0,0,0,0,0
761,8669,3,50,0,0,0,0,254,20,11740,300,2000,15000,250000,0,0,0,0,0,0
762,8923,3,50,0,0,0,0,254,20,11740,300,2000,15000,250000,0,0,0,0,0,0
763,9177,3,50,0,0,0,0,254,20,11740,300,2000,15000,250000,0,0,0,0,0,0
764,9431,3,50,0,0,0,0,254,20,11740,300,2000,15000,250000,0,0,0,0,0,0
765,9685,3,50,0,0,0,0,254,20,11740,300,2000,15000,250000,0,0,0,0,0,0
766,9939,3,50,0,0,0,0,254,20,11740,300,2000,15000,250000,0,0,0,0,0,0
767,10193,3,50,0,0,0,0,254,20,11740,300,2000,15000,250000,0,0,0,0,0,0
768,10447,3,50,0,0,0,0,254,20,11740,300,2000,15000,250000,0,0,0,0,0,0
769,10701,3,50,0,0,0,0,254,20,11740,300,2000,15000,250000,0,0,0,0,0,0
770,10955,3,50,0,0,0,0,254,20,11740,300,2000,15000,250000,0,0,0,0,0,0
771,11209,3,50,0,0,0,0,254,20,11740,300,2000,15000,250000,0,0,0,0,0,0
772,11463,3,50,0,0,0,0,254,20,11740,300,2000,15000,250000,0,0,0,0,0,0
773,11717,3,50,0,0,0,0,254,20,11740,300,2000,15000,250000,0,0,0,0,0,0
774,231,3,51,0,0,0,0,254,20,11740,300,2000,15000,250000,0,1,0,0,0,0
775,485,3,51,0,0,0,0,259,20,12913,300,2000,15000,250000,0,0,0,0,0,0
776,744,3,51,0,0,0,0,259,20,12913,300,2000,15000,250000,0,0,0,0,0,0
777,1003,3,51,0,0,0,0,259,20,12913,300,2000,15000,250000,0,0,0,0,0,0
778,1262,3,51,0,0,0,0,259,20,12913,300,2000,15000,250000,0,0,0,0,0,0
779,1521,3,51,0,0,0,0,259,20,12913,300,2000,15000,250000,0,0,0,0,0,0
780,1780,3,51,0,0,0,0,259,20,12913,300,2000,15000,250000,0,0,0,0,0,0
781,2039,3,51,0,0,0,0,259,20,12913,300,2000,15000,250000,0,0,0,0,0,0
782,2298,3,51,0,0,0,0,259,20,12913,300,2000,15000,250000,0,0,0,0,0,0
783,2557,3,51,0,0,0,0,259,20,12913,300,2000,15000,250000,0,0,0,0,0,0
784,2816,3,51,0,0,0,0,259,20,12913,300,2000,15000,250000,0,0,0,0,0,0
785,3075,3,51,0,0,0,0,259,20,12913,300,2000,15000,250000,0,0,0,0,0,0
786,3334,3,51,0,0,0,0,259,20,12913,300,2000,15000,250000,0,0,0,0,0,0
787,3593,3,51,0,0,0,0,259,20,12913,300,2000,15000,250000,0,0,0,0,0,0
788,3852,3,51,0,0,0,0,259,20,12913,300,2000,15000,250000,0,0,0,0,0,0
789,4111,3,51,0,0,0,0,259,20,12913,300,2000,15000,250000,0,0,0,0,0,0
790,4370,3,51,0,0,0,0,259,20,12913,300,2000,15000,250000,0,0,0,0,0,0
791,4629,3,51,0,0,0,0,259,20,12913,300,2000,15000,250000,0,0,0,0,0,0
792,4888,3,51,0,0,0,0,259,20,12913,300,2000,15000,250000,0,0,0,0,0,0
793,5147,3,51,0,0,0,0,259,20,12913,300,2000,15000,250000,0,0,0,0,0,0
794,5406,3,51,0,0,0,0,259,20,12913,300,2000,15000,250000,0,0,0,0,0,0
795,5665,3,51,0,0,0,0,259,20,12913,300,2000,15000,250000,0,0,0,0,0,0
796,5924,3,51,0,0,0,0,259,20,12913,300,2000,15000,250000,0,0,0,0,0,0
797,6183,3,51,0,0,0,0,259,20,12913,300,2000,15000,250000,0,0,0,0,0,0
798,6442,3,51,0,0,0,0,259,20,12913,300,2000,15000,250000,0,0,0,0,0,0
799,6701,3,51,0,0,0,0,259,20,12913,300,2000,15000,250000,0,0,0,0,0,0
800,6960,3,51,0,0,0,0,259,20,12913,300,2000,15000,250000,0,0,0,0,0,0
801,7219,3,51,0,0,0,0,259,20,12913,300,2000,15000,250000,0,0,0,0,0,0
802,7478,3,51,0,0,0,0,259,20,12913,300,2000,15000,250000,0,0,0,0,0,0
803,7737,3,51,0,0,0,0,259,20,12913,300,2000,15000,250000,0,0,0,0,0,0
804,7996,3,51,0,0,0,0,259,20,12913,300,2000,15000,250000,0,0,0,0,0,0
805,8255,3,51,0,0,0,0,259,20,12913,300,2000,15000,250000,0,0,0,0,0,0
806,8514,3,51,0,0,0,0,259,20,12913,300,2000,15000,250000,0,0,0,0,0,0
807,8773,3,51,0,0,0,0,259,20,12913,300,2000,15000,250000,0,0,0,0,0,0
808,9032,3,51,0,0,0,0,259,20,12913,300,2000,15000,250000,0,0,0,0,0,0
809,9291,3,51,0,0,0,0,259,20,12913,300,2000,15000,250000,0,0,0,0,0,0
810,9550,3,51,0,0,0,0,259,20,12913,300,2000,15000,250000,0,0,0,0,0,0
811,9809,3,51,0,0,0,0,259,20,12913,300,2000,15000,250000,0,0,0,0,0,0
812,10068,3,51,0,0,0,0,259,20,12913,300,2000,15000,250000,0,0,0,0,0,0
813,10327,3,51,0,0,0,0,259,20,12913,300,2000,15000,250000,0,0,0,0,0,0
814,10586,3,51,0,0,0,0,259,20,12913,300,2000,15000,250000,0,0,0,0,0,0
815,10845,3,51,0,0,0,0,259,20,12913,300,2000,15000,250000,0,0,0,0,0,0
816,11104,3,51,0,0,0,0,259,20,12913,300,2000,15000,250000,0,0,0,0,0,0
817,11363,3,51,0,0,0,0,259,20,12913,300,2000,15000,250000,0,0,0,0,0,0
818,11622,3,51,0,0,0,0,259,20,12913,300,2000,15000,250000,0,0,0,0,0,0
819,11881,3,51,0,0,0,0,259,20,12913,300,2000,15000,250000,0,0,0,0,0,0
820,12140,3,51,0,0,0,0,259,20,12913,300,2000,15000,250000,0,0,0,0,0,0
821,12399,3,51,0,0,0,0,259,20,12913,300,2000,15000,250000,0,0,0,0,0,0
822,12658,3,51,0,0,0,0,259,20,12913,300,2000,15000,250000,0,0,0,0,0,0
823,4,3,52,0,0,0,0,259,20,12913,300,2000,15000,250000,0,1,0,0,0,0
824,263,3,52,0,0,0,0,264,20,14205,300,2000,15000,250000,0,0,0,0,0,0
825,527,3,52,0,0,0,0,264,20,14205,300,2000,15000,250000,0,0,0,0,0,0
826,791,3,52,0,0,0,0,264,20,14205,300,2000,15000,250000,0,0,0,0,0,0
827,1055,3,52,0,0,0,0,264,20,14205,300,2000,15000,250000,0,0,0,0,0,0
828,1319,3,52,0,0,0,0,264,20,14205,300,2000,15000,250000,0,0,0,0,0,0
829,1583,3,52,0,0,0,0,264,20,14205,300,2000,15000,250000,0,0,0,0,0,0
830,1847,3,52,0,0,0,0,264,20,14205,300,2000,15000,250000,0,0,0,0,0,0
831,2111,3,52,0,0,0,0,264,20,14205,300,2000,15000,250000,0,0,0,0,0,0
832,2375,3,52,0,0,0,0,264,20,14205,300,2000,15000,250000,0,0,0,0,0,0
833,2639,3,52,0,0,0,0,264,20,14205,300,2000,15000,250000,0,0,0,0,0,0
834,2903,3,52,0,0,0,0,264,20,14205,300,2000,15000,250000,0,0,0,0,0,0
835,3167,3,52,0,0,0,0,264,20,14205,300,2000,15000,250000,0,0,0,0,0,0
836,3431,3,52,0,0,0,0,264,20,14205,300,2000,15000,250000,0,0,0,0,0,0
837,3695,3,52,0,0,0,0,264,20,14205,300,2000,15000,250000,0,0,0,0,0,0
838,3959,3,52,0,0,0,0,264,20,14205,300,2000,15000,250000,0,0,0,0,0,0
839,4223,3,52,0,0,0,0,264,20,14205,300,2000,15000,250000,0,0,0,0,0,0
840,4487,3,52,0,0,0,0,264,20,14205,300,2000,15000,250000,0,0,0,0,0,0
841,4751,3,52,0,0,0,0,264,20,14205,300,2000,15000,250000,0,0,0,0,0,0
842,5015,3,52,0,0,0,0,264,20,14205,300,2000,15000,250000,0,0,0,0,0,0
843,5279,3,52,0,0,0,0,264,20,14205,300,2000,15000,250000,0,0,0,0,0,0
844,5543,3,52,0,0,0,0,264,20,14205,300,2000,15000,250000,0,0,0,0,0,0
845,5807,3,52,0,0,0,0,264,20,14205,300,2000,15000,250000,0,0,0,0,0,0
846,6071,3,52,0,0,0,0,264,20,14205,300,2000,15000,250000,0,0,0,0,0,0
847,6335,3,52,0,0,0,0,264,20,14205,300,2000,15000,250000,0,0,0,0,0,0
848,6599,3,52,0,0,0,0,264,20,14205,300,2000,15000,250000,0,0,0,0,0,0
849,6863,3,52,0,0,0,0,264,20,14205,300,2000,15000,250000,0,0,0,0,0,0
850,7127,3,52,0,0,0,0,264,20,14205,300,2000,15000,250000,0,0,0,0,0,0
851,7391,3,52,0,0,0,0,264,20,14205,300,2000,15000,250000,0,0,0,0,0,0
852,7655,3,52,0,0,0,0,264,20,14205,300,2000,15000,250000,0,0,0,0,0,0
853,7919,3,52,0,0,0,0,264,20,14205,300,2000,15000,250000,0,0,0,0,0,0
854,8183,3,52,0,0,0,0,264,20,14205,300,2000,15000,250000,0,0,0,0,0,0
855,8447,3,52,0,0,0,0,264,20,14205,300,2000,15000,250000,0,0,0,0,0,0
856,8711,3,52,0,0,0,0,264,20,14205,300,2000,15000,250000,0,0,0,0,0,0
857,8975,3,52,0,0,0,0,264,20,14205,300,2000,15000,250000,0,0,0,0,0,0
858,9239,3,52,0,0,0,0,264,20,14205,300,2000,15000,250000,0,0,0,0,0,0
859,9503,3,52,0,0,0,0,264,20,14205,300,2000,15000,250000,0,0,0,0,0,0
860,9767,3,52,0,0,0,0,264,20,14205,300,2000,15000,250000,0,0,0,0,0,0
861,10031,3,52,0,0,0,0,264,20,14205,300,2000,15000,250000,0,0,0,0,0,0
862,10295,3,52,0,0,0,0,264,20,14205,300,2000,15000,250000,0,0,0,0,0,0
863,10559,3,52,0,0,0,0,264,20,14205,300,2000,15000,250000,0,0,0,0,0,0
864,10823,3,52,0,0,0,0,264,20,14205,300,2000,15000,250000,0,0,0,0,0,0
865,11087,3,52,0,0,0,0,264,20,14205,300,2000,15000,250000,0,0,0,0,0,0
866,11351,3,52,0,0,0,0,264,20,14205,300,2000,15000,250000,0,0,0,0,0,0
867,11615,3,52,0,0,0,0,264,20,14205,300,2000,15000,250000,0,0,0,0,0,0
868,11879,3,52,0,0,0,0,264,20,14205,300,2000,15000,250000,0,0,0,0,0,0
869,12143,3,52,0,0,0,0,264,20,14205,300,2000,15000,250000,0,0,0,0,0,0
870,12407,3,52,0,0,0,0,264,20,14205,300,2000,15000,250000,0,0,0,0,0,0
871,12671,3,52,0,0,0,0,264,20,14205,300,2000,15000,250000,0,0,0,0,0,0
872,12935,3,52,0,0,0,0,264,20,14205,300,2000,15000,250000,0,0,0,0,0,0
873,13199,3,52,0,0,0,0,264,20,14205,300,2000,15000,250000,0,0,0,0,0,0
874,13463,3,52,0,0,0,0,264,20,14205,300,2000,15000,250000,0,0,0,0,0,0
875,13727,3,52,0,0,0,0,264,20,14205,300,2000,15000,250000,0,0,0,0,0,0
876,13991,3,52,0,0,0,0,264,20,14205,300,2000,15000,250000,0,0,0,0,0,0
877,50,3,53,0,0,0,0,264,20,14205,300,2000,15000,250000,0,1,0,0,0,0
878,314,3,53,0,0,0,0,269,20,15625,300,2000,15000,250000,0,0,0,0,0,0
879,583,3,53,0,0,0,0,269,20,15625,300,2000,15000,250000,0,0,0,0,0,0
880,852,3,53,0,0,0,0,269,20,15625,300,2000,15000,250000,0,0,0,0,0,0
881,1121,3,53,0,0,0,0,269,20,15625,300,2000,15000,250000,0,0,0,0,0,0
882,1390,3,53,0,0,0,0,269,20,15625,300,2000,15000,250000,0,0,0,0,0,0
883,1659,3,53,0,0,0,0,269,20,15625,300,2000,15000,250000,0,0,0,0,0,0
884,1928,3,53,0,0,0,0,269,20,15625,300,2000,15000,250000,0,0,0,0,0,0
885,2197,3,53,0,0,0,0,269,20,15625,300,2000,15000,250000,0,0,0,0,0,0
886,2466,3,53,0,0,0,0,269,20,15625,300,2000,15000,250000,0,0,0,0,0,0
887,2735,3,53,0,0,0,0,269,20,15625,300,2000,15000,250000,0,0,0,0,0,0
888,3004,3,53,0,0,0,0,269,20,15625,300,2000,15000,250000,0,0,0,0,0,0
889,3273,3,53,0,0,0,0,269,20,15625,300,2000,15000,250000,0,0,0,0,0,0
890,3542,3,53,0,0,0,0,269,20,15625,300,2000,15000,250000,0,0,0,0,0,0
891,3811,3,53,0,0,0,0,269,20,15625,300,2000,15000,250000,0,0,0,0,0,0
892,4080,3,53,0,0,0,0,269,20,15625,300,2000,15000,250000,0,0,0,0,0,0
893,4349,3,53,0,0,0,0,269,20,15625,300,2000,15000,250000,0,0,0,0,0,0
894,4618,3,53,0,0,0,0,269,20,15625,300,2000,15000,250000,0,0,0,0,0,0
895,4887,3,53,0,0,0,0,269,20,15625,300,2000,15000,250000,0,0,0,0,0,0
896,5156,3,53,0,0,0,0,269,20,15625,300,2000,15000,250000,0,0,0,0,0,0
897,5425,3,53,0,0,0,0,269,20,15625,300,2000,15000,250000,0,0,0,0,0,0
898,5694,3,53,0,0,0,0,269,20,15625,300,2000,15000,250000,0,0,0,0,0,0
899,5963,3,53,0,0,0,0,269,20,15625,300,2000,15000,250000,0,0,0,0,0,0
900,6232,3,53,0,0,0,0,269,20,15625,300,2000,15000,250000,0,0,0,0,0,0
