Time (s),Gold,Noob Mines Owned,OK Mines Owned,Good Mines Owned,Super Mines Owned,Alpha Gold Mines Owned,Sigma Gold Mines Owned,Income,Noob Mines Cost,OK Mines Cost,Good Mines Cost,Super Mines Cost,Alpha Gold Mines Cost,Sigma Gold Mines Cost,Noob Mines Bought,OK Mines Bought,Good Mines Bought,Super Mines Bought,Alpha Gold Mines Bought,Sigma Gold Mines Bought
0,0,0,0,0,0,0,0,1,15,100,300,2000,15000,250000,0,0,0,0,0,0
1,1,0,0,0,0,0,0,1,15,100,300,2000,15000,250000,0,0,0,0,0,0
2,2,0,0,0,0,0,0,1,15,100,300,2000,15000,250000,0,0,0,0,0,0
3,3,0,0,0,0,0,0,1,15,100,300,2000,15000,250000,0,0,0,0,0,0
4,4,0,0,0,0,0,0,1,15,100,300,2000,15000,250000,0,0,0,0,0,0
5,5,0,0,0,0,0,0,1,15,100,300,2000,15000,250000,0,0,0,0,0,0
6,6,0,0,0,0,0,0,1,15,100,300,2000,15000,250000,0,0,0,0,0,0
7,7,0,0,0,0,0,0,1,15,100,300,2000,15000,250000,0,0,0,0,0,0
8,8,0,0,0,0,0,0,1,15,100,300,2000,15000,250000,0,0,0,0,0,0
9,9,0,0,0,0,0,0,1,15,100,300,2000,15000,250000,0,0,0,0,0,0
10,10,0,0,0,0,0,0,1,15,100,300,2000,15000,250000,0,0,0,0,0,0
11,11,0,0,0,0,0,0,1,15,100,300,2000,15000,250000,0,0,0,0,0,0
12,12,0,0,0,0,0,0,1,15,100,300,2000,15000,250000,0,0,0,0,0,0
13,13,0,0,0,0,0,0,1,15,100,300,2000,15000,250000,0,0,0,0,0,0
14,14,0,0,0,0,0,0,1,15,100,300,2000,15000,250000,0,0,0,0,0,0
15,15,0,0,0,0,0,0,1,15,100,300,2000,15000,250000,1,0,0,0,0,0
16,1,1,0,0,0,0,0,2,17,100,300,2000,15000,250000,0,0,0,0,0,0
17,3,1,0,0,0,0,0,2,17,100,300,2000,15000,250000,0,0,0,0,0,0
18,5,1,0,0,0,0,0,2,17,100,300,2000,15000,250000,0,0,0,0,0,0
19,7,1,0,0,0,0,0,2,17,100,300,2000,15000,250000,0,0,0,0,0,0
20,9,1,0,0,0,0,0,2,17,100,300,2000,15000,250000,0,0,0,0,0,0
21,11,1,0,0,0,0,0,2,17,100,300,2000,15000,250000,0,0,0,0,0,0
22,13,1,0,0,0,0,0,2,17,100,300,2000,15000,250000,0,0,0,0,0,0
23,15,1,0,0,0,0,0,2,17,100,300,2000,15000,250000,0,0,0,0,0,0
24,17,1,0,0,0,0,0,2,17,100,300,2000,15000,250000,1,0,0,0,0,0
25,2,2,0,0,0,0,0,3,19,100,300,2000,15000,250000,0,0,0,0,0,0
26,5,2,0,0,0,0,0,3,19,100,300,2000,15000,250000,0,0,0,0,0,0
27,8,2,0,0,0,0,0,3,19,100,300,2000,15000,250000,0,0,0,0,0,0
28,11,2,0,0,0,0,0,3,19,100,300,2000,15000,250000,0,0,0,0,0,0
29,14,2,0,0,0,0,0,3,19,100,300,2000,15000,250000,0,0,0,0,0,0
30,17,2,0,0,0,0,0,3,19,100,300,2000,15000,250000,0,0,0,0,0,0
31,20,2,0,0,0,0,0,3,19,100,300,2000,15000,250000,1,0,0,0,0,0
32,4,3,0,0,0,0,0,4,20,100,300,2000,15000,250000,0,0,0,0,0,0
33,8,3,0,0,0,0,0,4,20,100,300,2000,15000,250000,0,0,0,0,0,0
34,12,3,0,0,0,0,0,4,20,100,300,2000,15000,250000,0,0,0,0,0,0
35,16,3,0,0,0,0,0,4,20,100,300,2000,15000,250000,0,0,0,0,0,0
36,20,3,0,0,0,0,0,4,20,100,300,2000,15000,250000,1,0,0,0,0,0
37,4,4,0,0,0,0,0,5,22,100,300,2000,15000,250000,0,0,0,0,0,0
38,9,4,0,0,0,0,0,5,22,100,300,2000,15000,250000,0,0,0,0,0,0
39,14,4,0,0,0,0,0,5,22,100,300,2000,15000,250000,0,0,0,0,0,0
40,19,4,0,0,0,0,0,5,22,100,300,2000,15000,250000,0,0,0,0,0,0
41,24,4,0,0,0,0,0,5,22,100,300,2000,15000,250000,1,0,0,0,0,0
42,7,5,0,0,0,0,0,6,25,100,300,2000,15000,250000,0,0,0,0,0,0
43,13,5,0,0,0,0,0,6,25,100,300,2000,15000,250000,0,0,0,0,0,0
44,19,5,0,0,0,0,0,6,25,100,300,2000,15000,250000,0,0,0,0,0,0
45,25,5,0,0,0,0,0,6,25,100,300,2000,15000,250000,1,0,0,0,0,0
46,6,6,0,0,0,0,0,7,27,100,300,2000,15000,250000,0,0,0,0,0,0
47,13,6,0,0,0,0,0,7,27,100,300,2000,15000,250000,0,0,0,0,0,0
48,20,6,0,0,0,0,0,7,27,100,300,2000,15000,250000,0,0,0,0,0,0
49,27,6,0,0,0,0,0,7,27,100,300,2000,15000,250000,1,0,0,0,0,0
50,7,7,0,0,0,0,0,8,30,100,300,2000,15000,250000,0,0,0,0,0,0
51,15,7,0,0,0,0,0,8,30,100,300,2000,15000,250000,0,0,0,0,0,0
52,23,7,0,0,0,0,0,8,30,100,300,2000,15000,250000,0,0,0,0,0,0
53,31,7,0,0,0,0,0,8,30,100,300,2000,15000,250000,1,0,0,0,0,0
54,9,8,0,0,0,0,0,9,33,100,300,2000,15000,250000,0,0,0,0,0,0
55,18,8,0,0,0,0,0,9,33,100,300,2000,15000,250000,0,0,0,0,0,0
56,27,8,0,0,0,0,0,9,33,100,300,2000,15000,250000,0,0,0,0,0,0
57,36,8,0,0,0,0,0,9,33,100,300,2000,15000,250000,1,0,0,0,0,0
58,12,9,0,0,0,0,0,10,36,100,300,2000,15000,250000,0,0,0,0,0,0
59,22,9,0,0,0,0,0,10,36,100,300,2000,15000,250000,0,0,0,0,0,0
60,32,9,0,0,0,0,0,10,36,100,300,2000,15000,250000,0,0,0,0,0,0
61,42,9,0,0,0,0,0,10,36,100,300,2000,15000,250000,1,0,0,0,0,0
62,16,10,0,0,0,0,0,11,39,100,300,2000,15000,250000,0,0,0,0,0,0
63,27,10,0,0,0,0,0,11,39,100,300,2000,15000,250000,0,0,0,0,0,0
64,38,10,0,0,0,0,0,11,39,100,300,2000,15000,250000,0,0,0,0,0,0
65,49,10,0,0,0,0,0,11,39,100,300,2000,15000,250000,0,0,0,0,0,0
66,60,10,0,0,0,0,0,11,39,100,300,2000,15000,250000,0,0,0,0,0,0
67,71,10,0,0,0,0,0,11,39,100,300,2000,15000,250000,0,0,0,0,0,0
68,82,10,0,0,0,0,0,11,39,100,300,2000,15000,250000,0,0,0,0,0,0
69,93,10,0,0,0,0,0,11,39,100,300,2000,15000,250000,0,0,0,0,0,0
70,104,10,0,0,0,0,0,11,39,100,300,2000,15000,250000,0,0,0,0,0,0
71,115,10,0,0,0,0,0,11,39,100,300,2000,15000,250000,0,0,0,0,0,0
72,126,10,0,0,0,0,0,11,39,100,300,2000,15000,250000,0,0,0,0,0,0
73,137,10,0,0,0,0,0,11,39,100,300,2000,15000,250000,0,0,0,0,0,0
74,148,10,0,0,0,0,0,11,39,100,300,2000,15000,250000,0,0,0,0,0,0
75,159,10,0,0,0,0,0,11,39,100,300,2000,15000,250000,0,0,0,0,0,0
76,170,10,0,0,0,0,0,11,39,100,300,2000,15000,250000,0,0,0,0,0,0
77,181,10,0,0,0,0,0,11,39,100,300,2000,15000,250000,0,0,0,0,0,0
78,192,10,0,0,0,0,0,11,39,100,300,2000,15000,250000,0,0,0,0,0,0
79,203,10,0,0,0,0,0,11,39,100,300,2000,15000,250000,0,0,0,0,0,0
80,214,10,0,0,0,0,0,11,39,100,300,2000,15000,250000,0,0,0,0,0,0
81,225,10,0,0,0,0,0,11,39,100,300,2000,15000,250000,0,0,0,0,0,0
82,236,10,0,0,0,0,0,11,39,100,300,2000,15000,250000,0,0,0,0,0,0
83,247,10,0,0,0,0,0,11,39,100,300,2000,15000,250000,0,0,0,0,0,0
84,258,10,0,0,0,0,0,11,39,100,300,2000,15000,250000,0,0,0,0,0,0
85,269,10,0,0,0,0,0,11,39,100,300,2000,15000,250000,0,0,0,0,0,0
86,280,10,0,0,0,0,0,11,39,100,300,2000,15000,250000,0,0,0,0,0,0
87,291,10,0,0,0,0,0,11,39,100,300,2000,15000,250000,0,0,0,0,0,0
88,302,10,0,0,0,0,0,11,39,100,300,2000,15000,250000,0,0,1,0,0,0
89,13,10,0,1,0,0,0,31,39,100,330,2000,15000,250000,0,0,0,0,0,0
90,44,10,0,1,0,0,0,31,39,100,330,2000,15000,250000,0,0,0,0,0,0
91,75,10,0,1,0,0,0,31,39,100,330,2000,15000,250000,0,0,0,0,0,0
92,106,10,0,1,0,0,0,31,39,100,330,2000,15000,250000,0,1,0,0,0,0
93,37,10,1,1,0,0,0,36,39,111,330,2000,15000,250000,0,0,0,0,0,0
94,73,10,1,1,0,0,0,36,39,111,330,2000,15000,250000,0,0,0,0,0,0
95,109,10,1,1,0,0,0,36,39,111,330,2000,15000,250000,0,0,0,0,0,0
96,145,10,1,1,0,0,0,36,39,111,330,2000,15000,250000,0,1,0,0,0,0
97,70,10,2,1,0,0,0,41,39,122,330,2000,15000,250000,0,0,0,0,0,0
98,111,10,2,1,0,0,0,41,39,122,330,2000,15000,250000,0,0,0,0,0,0
99,152,10,2,1,0,0,0,41,39,122,330,2000,15000,250000,0,1,0,0,0,0
100,71,10,3,1,0,0,0,46,39,134,330,2000,15000,250000,0,0,0,0,0,0
101,117,10,3,1,0,0,0,46,39,134,330,2000,15000,250000,0,0,0,0,0,0
102,163,10,3,1,0,0,0,46,39,134,330,2000,15000,250000,0,1,0,0,0,0
103,75,10,4,1,0,0,0,51,39,147,330,2000,15000,250000,0,0,0,0,0,0
104,126,10,4,1,0,0,0,51,39,147,330,2000,15000,250000,0,0,0,0,0,0
105,177,10,4,1,0,0,0,51,39,147,330,2000,15000,250000,0,1,0,0,0,0
106,81,10,5,1,0,0,0,56,39,162,330,2000,15000,250000,0,0,0,0,0,0
107,137,10,5,1,0,0,0,56,39,162,330,2000,15000,250000,0,0,0,0,0,0
108,193,10,5,1,0,0,0,56,39,162,330,2000,15000,250000,0,1,0,0,0,0
109,87,10,6,1,0,0,0,61,39,178,330,2000,15000,250000,0,0,0,0,0,0
110,148,10,6,1,0,0,0,61,39,178,330,2000,15000,250000,0,0,0,0,0,0
111,209,10,6,1,0,0,0,61,39,178,330,2000,15000,250000,0,1,0,0,0,0
112,92,10,7,1,0,0,0,66,39,195,330,2000,15000,250000,0,0,0,0,0,0
113,158,10,7,1,0,0,0,66,39,195,330,2000,15000,250000,0,0,0,0,0,0
114,224,10,7,1,0,0,0,66,39,195,330,2000,15000,250000,0,1,0,0,0,0
115,95,10,8,1,0,0,0,71,39,215,330,2000,15000,250000,0,0,0,0,0,0
116,166,10,8,1,0,0,0,71,39,215,330,2000,15000,250000,0,0,0,0,0,0
117,237,10,8,1,0,0,0,71,39,215,330,2000,15000,250000,0,1,0,0,0,0
118,93,10,9,1,0,0,0,76,39,236,330,2000,15000,250000,0,0,0,0,0,0
119,169,10,9,1,0,0,0,76,39,236,330,2000,15000,250000,0,0,0,0,0,0
120,245,10,9,1,0,0,0,76,39,236,330,2000,15000,250000,0,1,0,0,0,0
121,85,10,10,1,0,0,0,81,39,260,330,2000,15000,250000,0,0,0,0,0,0
122,166,10,10,1,0,0,0,81,39,260,330,2000,15000,250000,0,0,0,0,0,0
123,247,10,10,1,0,0,0,81,39,260,330,2000,15000,250000,0,0,0,0,0,0
124,328,10,10,1,0,0,0,81,39,260,330,2000,15000,250000,0,1,0,0,0,0
125,149,10,11,1,0,0,0,86,39,286,330,2000,15000,250000,0,0,0,0,0,0
126,235,10,11,1,0,0,0,86,39,286,330,2000,15000,250000,0,0,0,0,0,0
127,321,10,11,1,0,0,0,86,39,286,330,2000,15000,250000,0,1,0,0,0,0
128,121,10,12,1,0,0,0,91,39,314,330,2000,15000,250000,0,0,0,0,0,0
129,212,10,12,1,0,0,0,91,39,314,330,2000,15000,250000,0,0,0,0,0,0
130,303,10,12,1,0,0,0,91,39,314,330,2000,15000,250000,0,0,0,0,0,0
131,394,10,12,1,0,0,0,91,39,314,330,2000,15000,250000,0,0,1,0,0,0
132,155,10,12,2,0,0,0,111,39,314,364,2000,15000,250000,0,0,0,0,0,0
133,266,10,12,2,0,0,0,111,39,314,364,2000,15000,250000,0,0,0,0,0,0
134,377,10,12,2,0,0,0,111,39,314,364,2000,15000,250000,0,0,1,0,0,0
135,124,10,12,3,0,0,0,131,39,314,400,2000,15000,250000,0,0,0,0,0,0
136,255,10,12,3,0,0,0,131,39,314,400,2000,15000,250000,0,0,0,0,0,0
137,386,10,12,3,0,0,0,131,39,314,400,2000,15000,250000,0,1,0,0,0,0
138,203,10,13,3,0,0,0,136,39,346,400,2000,15000,250000,0,0,0,0,0,0
139,339,10,13,3,0,0,0,136,39,346,400,2000,15000,250000,0,0,0,0,0,0
140,475,10,13,3,0,0,0,136,39,346,400,2000,15000,250000,0,0,1,0,0,0
141,211,10,13,4,0,0,0,156,39,346,440,2000,15000,250000,0,0,0,0,0,0
142,367,10,13,4,0,0,0,156,39,346,440,2000,15000,250000,0,1,0,0,0,0
143,177,10,14,4,0,0,0,161,39,380,440,2000,15000,250000,0,0,0,0,0,0
144,338,10,14,4,0,0,0,161,39,380,440,2000,15000,250000,0,0,0,0,0,0
145,499,10,14,4,0,0,0,161,39,380,440,2000,15000,250000,0,0,1,0,0,0
146,220,10,14,5,0,0,0,181,39,380,484,2000,15000,250000,0,0,0,0,0,0
147,401,10,14,5,0,0,0,181,39,380,484,2000,15000,250000,0,1,0,0,0,0
148,202,10,15,5,0,0,0,186,39,418,484,2000,15000,250000,0,0,0,0,0,0
149,388,10,15,5,0,0,0,186,39,418,484,2000,15000,250000,0,0,0,0,0,0
150,574,10,15,5,0,0,0,186,39,418,484,2000,15000,250000,0,0,1,0,0,0
151,276,10,15,6,0,0,0,206,39,418,532,2000,15000,250000,0,0,0,0,0,0
152,482,10,15,6,0,0,0,206,39,418,532,2000,15000,250000,0,1,0,0,0,0
153,270,10,16,6,0,0,0,211,39,460,532,2000,15000,250000,0,0,0,0,0,0
154,481,10,16,6,0,0,0,211,39,460,532,2000,15000,250000,0,1,0,0,0,0
155,232,10,17,6,0,0,0,216,39,506,532,2000,15000,250000,0,0,0,0,0,0
156,448,10,17,6,0,0,0,216,39,506,532,2000,15000,250000,0,0,0,0,0,0
157,664,10,17,6,0,0,0,216,39,506,532,2000,15000,250000,0,0,1,0,0,0
158,348,10,17,7,0,0,0,236,39,506,585,2000,15000,250000,0,0,0,0,0,0
159,584,10,17,7,0,0,0,236,39,506,585,2000,15000,250000,0,1,0,0,0,0
160,314,10,18,7,0,0,0,241,39,556,585,2000,15000,250000,0,0,0,0,0,0
161,555,10,18,7,0,0,0,241,39,556,585,2000,15000,250000,0,0,0,0,0,0
162,796,10,18,7,0,0,0,241,39,556,585,2000,15000,250000,0,0,1,0,0,0
163,452,10,18,8,0,0,0,261,39,556,644,2000,15000,250000,0,0,0,0,0,0
164,713,10,18,8,0,0,0,261,39,556,644,2000,15000,250000,0,0,1,0,0,0
165,330,10,18,9,0,0,0,281,39,556,708,2000,15000,250000,0,0,0,0,0,0
166,611,10,18,9,0,0,0,281,39,556,708,2000,15000,250000,0,1,0,0,0,0
167,336,10,19,9,0,0,0,286,39,612,708,2000,15000,250000,0,0,0,0,0,0
168,622,10,19,9,0,0,0,286,39,612,708,2000,15000,250000,0,1,0,0,0,0
169,296,10,20,9,0,0,0,291,39,673,708,2000,15000,250000,0,0,0,0,0,0
170,587,10,20,9,0,0,0,291,39,673,708,2000,15000,250000,0,0,0,0,0,0
171,878,10,20,9,0,0,0,291,39,673,708,2000,15000,250000,0,0,1,0,0,0
172,461,10,20,10,0,0,0,311,39,673,779,2000,15000,250000,0,0,0,0,0,0
173,772,10,20,10,0,0,0,311,39,673,779,2000,15000,250000,0,1,0,0,0,0
174,410,10,21,10,0,0,0,316,39,741,779,2000,15000,250000,0,0,0,0,0,0
175,726,10,21,10,0,0,0,316,39,741,779,2000,15000,250000,0,0,0,0,0,0
176,1042,10,21,10,0,0,0,316,39,741,779,2000,15000,250000,0,0,1,0,0,0
177,579,10,21,11,0,0,0,336,39,741,856,2000,15000,250000,0,0,0,0,0,0
178,915,10,21,11,0,0,0,336,39,741,856,2000,15000,250000,0,0,1,0,0,0
179,395,10,21,12,0,0,0,356,39,741,942,2000,15000,250000,0,0,0,0,0,0
180,751,10,21,12,0,0,0,356,39,741,942,2000,15000,250000,0,1,0,0,0,0
181,366,10,22,12,0,0,0,361,39,815,942,2000,15000,250000,0,0,0,0,0,0
182,727,10,22,12,0,0,0,361,39,815,942,2000,15000,250000,0,0,0,0,0,0
183,1088,10,22,12,0,0,0,361,39,815,942,2000,15000,250000,0,0,1,0,0,0
184,507,10,22,13,0,0,0,381,39,815,1036,2000,15000,250000,0,0,0,0,0,0
185,888,10,22,13,0,0,0,381,39,815,1036,2000,15000,250000,0,1,0,0,0,0
186,454,10,23,13,0,0,0,386,39,896,1036,2000,15000,250000,0,0,0,0,0,0
187,840,10,23,13,0,0,0,386,39,896,1036,2000,15000,250000,0,0,0,0,0,0
188,1226,10,23,13,0,0,0,386,39,896,1036,2000,15000,250000,0,0,1,0,0,0
189,576,10,23,14,0,0,0,406,39,896,1140,2000,15000,250000,0,0,0,0,0,0
190,982,10,23,14,0,0,0,406,39,896,1140,2000,15000,250000,0,1,0,0,0,0
191,492,10,24,14,0,0,0,411,39,985,1140,2000,15000,250000,0,0,0,0,0,0
192,903,10,24,14,0,0,0,411,39,985,1140,2000,15000,250000,0,0,0,0,0,0
193,1314,10,24,14,0,0,0,411,39,985,1140,2000,15000,250000,0,0,1,0,0,0
194,585,10,24,15,0,0,0,431,39,985,1254,2000,15000,250000,0,0,0,0,0,0
195,1016,10,24,15,0,0,0,431,39,985,1254,2000,15000,250000,0,1,0,0,0,0
196,462,10,25,15,0,0,0,436,39,1084,1254,2000,15000,250000,0,0,0,0,0,0
197,898,10,25,15,0,0,0,436,39,1084,1254,2000,15000,250000,0,0,0,0,0,0
198,1334,10,25,15,0,0,0,436,39,1084,1254,2000,15000,250000,0,0,1,0,0,0
199,516,10,25,16,0,0,0,456,39,1084,1379,2000,15000,250000,0,0,0,0,0,0
200,972,10,25,16,0,0,0,456,39,1084,1379,2000,15000,250000,0,0,0,0,0,0
201,1428,10,25,16,0,0,0,456,39,1084,1379,2000,15000,250000,0,0,1,0,0,0
202,505,10,25,17,0,0,0,476,39,1084,1517,2000,15000,250000,0,0,0,0,0,0
203,981,10,25,17,0,0,0,476,39,1084,1517,2000,15000,250000,0,0,0,0,0,0
204,1457,10,25,17,0,0,0,476,39,1084,1517,2000,15000,250000,0,1,0,0,0,0
205,849,10,26,17,0,0,0,481,39,1192,1517,2000,15000,250000,0,0,0,0,0,0
206,1330,10,26,17,0,0,0,481,39,1192,1517,2000,15000,250000,0,1,0,0,0,0
207,619,10,27,17,0,0,0,486,39,1311,1517,2000,15000,250000,0,0,0,0,0,0
208,1105,10,27,17,0,0,0,486,39,1311,1517,2000,15000,250000,0,0,0,0,0,0
209,1591,10,27,17,0,0,0,486,39,1311,1517,2000,15000,250000,0,0,1,0,0,0
210,560,10,27,18,0,0,0,506,39,1311,1668,2000,15000,250000,0,0,0,0,0,0
211,1066,10,27,18,0,0,0,506,39,1311,1668,2000,15000,250000,0,0,0,0,0,0
212,1572,10,27,18,0,0,0,506,39,1311,1668,2000,15000,250000,0,1,0,0,0,0
213,767,10,28,18,0,0,0,511,39,1443,1668,2000,15000,250000,0,0,0,0,0,0
214,1278,10,28,18,0,0,0,511,39,1443,1668,2000,15000,250000,0,0,0,0,0,0
215,1789,10,28,18,0,0,0,511,39,1443,1668,2000,15000,250000,0,0,1,0,0,0
216,632,10,28,19,0,0,0,531,39,1443,1835,2000,15000,250000,0,0,0,0,0,0
217,1163,10,28,19,0,0,0,531,39,1443,1835,2000,15000,250000,0,0,0,0,0,0
218,1694,10,28,19,0,0,0,531,39,1443,1835,2000,15000,250000,0,1,0,0,0,0
219,782,10,29,19,0,0,0,536,39,1587,1835,2000,15000,250000,0,0,0,0,0,0
220,1318,10,29,19,0,0,0,536,39,1587,1835,2000,15000,250000,0,0,0,0,0,0
221,1854,10,29,19,0,0,0,536,39,1587,1835,2000,15000,250000,0,0,1,0,0,0
222,555,10,29,20,0,0,0,556,39,1587,2019,2000,15000,250000,0,0,0,0,0,0
223,1111,10,29,20,0,0,0,556,39,1587,2019,2000,15000,250000,0,0,0,0,0,0
224,1667,10,29,20,0,0,0,556,39,1587,2019,2000,15000,250000,0,1,0,0,0,0
225,636,10,30,20,0,0,0,561,39,1745,2019,2000,15000,250000,0,0,0,0,0,0
226,1197,10,30,20,0,0,0,561,39,1745,2019,2000,15000,250000,0,0,0,0,0,0
227,1758,10,30,20,0,0,0,561,39,1745,2019,2000,15000,250000,0,1,0,0,0,0
228,574,10,31,20,0,0,0,566,39,1920,2019,2000,15000,250000,0,0,0,0,0,0
229,1140,10,31,20,0,0,0,566,39,1920,2019,2000,15000,250000,0,0,0,0,0,0
230,1706,10,31,20,0,0,0,566,39,1920,2019,2000,15000,250000,0,0,0,0,0,0
231,2272,10,31,20,0,0,0,566,39,1920,2019,2000,15000,250000,0,0,1,0,0,0
232,819,10,31,21,0,0,0,586,39,1920,2221,2000,15000,250000,0,0,0,0,0,0
233,1405,10,31,21,0,0,0,586,39,1920,2221,2000,15000,250000,0,0,0,0,0,0
234,1991,10,31,21,0,0,0,586,39,1920,2221,2000,15000,250000,0,1,0,0,0,0
235,657,10,32,21,0,0,0,591,39,2112,2221,2000,15000,250000,0,0,0,0,0,0
236,1248,10,32,21,0,0,0,591,39,2112,2221,2000,15000,250000,0,0,0,0,0,0
237,1839,10,32,21,0,0,0,591,39,2112,2221,2000,15000,250000,0,0,0,0,0,0
238,2430,10,32,21,0,0,0,591,39,2112,2221,2000,15000,250000,0,0,1,0,0,0
239,800,10,32,22,0,0,0,611,39,2112,2443,2000,15000,250000,0,0,0,0,0,0
240,1411,10,32,22,0,0,0,611,39,2112,2443,2000,15000,250000,0,0,0,0,0,0
241,2022,10,32,22,0,0,0,611,39,2112,2443,2000,15000,250000,0,0,0,0,0,0
242,2633,10,32,22,0,0,0,611,39,2112,2443,2000,15000,250000,0,0,1,0,0,0
243,801,10,32,23,0,0,0,631,39,2112,2687,2000,15000,250000,0,0,0,0,0,0
244,1432,10,32,23,0,0,0,631,39,2112,2687,2000,15000,250000,0,0,0,0,0,0
245,2063,10,32,23,0,0,0,631,39,2112,2687,2000,15000,250000,0,0,0,0,0,0
246,2694,10,32,23,0,0,0,631,39,2112,2687,2000,15000,250000,0,0,1,0,0,0
247,638,10,32,24,0,0,0,651,39,2112,2955,2000,15000,250000,0,0,0,0,0,0
248,1289,10,32,24,0,0,0,651,39,2112,2955,2000,15000,250000,0,0,0,0,0,0
249,1940,10,32,24,0,0,0,651,39,2112,2955,2000,15000,250000,0,0,0,0,0,0
250,2591,10,32,24,0,0,0,651,39,2112,2955,2000,15000,250000,0,1,0,0,0,0
251,1130,10,33,24,0,0,0,656,39,2323,2955,2000,15000,250000,0,0,0,0,0,0
252,1786,10,33,24,0,0,0,656,39,2323,2955,2000,15000,250000,0,0,0,0,0,0
253,2442,10,33,24,0,0,0,656,39,2323,2955,2000,15000,250000,0,1,0,0,0,0
254,775,10,34,24,0,0,0,661,39,2555,2955,2000,15000,250000,0,0,0,0,0,0
255,1436,10,34,24,0,0,0,661,39,2555,2955,2000,15000,250000,0,0,0,0,0,0
256,2097,10,34,24,0,0,0,661,39,2555,2955,2000,15000,250000,0,0,0,0,0,0
257,2758,10,34,24,0,0,0,661,39,2555,2955,2000,15000,250000,0,1,0,0,0,0
258,864,10,35,24,0,0,0,666,39,2811,2955,2000,15000,250000,0,0,0,0,0,0
259,1530,10,35,24,0,0,0,666,39,2811,2955,2000,15000,250000,0,0,0,0,0,0
260,2196,10,35,24,0,0,0,666,39,2811,2955,2000,15000,250000,0,0,0,0,0,0
261,2862,10,35,24,0,0,0,666,39,2811,2955,2000,15000,250000,0,1,0,0,0,0
262,717,10,36,24,0,0,0,671,39,3092,2955,2000,15000,250000,0,0,0,0,0,0
263,1388,10,36,24,0,0,0,671,39,3092,2955,2000,15000,250000,0,0,0,0,0,0
264,2059,10,36,24,0,0,0,671,39,3092,2955,2000,15000,250000,0,0,0,0,0,0
265,2730,10,36,24,0,0,0,671,39,3092,2955,2000,15000,250000,0,0,0,0,0,0
266,3401,10,36,24,0,0,0,671,39,3092,2955,2000,15000,250000,0,0,1,0,0,0
267,1117,10,36,25,0,0,0,691,39,3092,3251,2000,15000,250000,0,0,0,0,0,0
268,1808,10,36,25,0,0,0,691,39,3092,3251,2000,15000,250000,0,0,0,0,0,0
269,2499,10,36,25,0,0,0,691,39,3092,3251,2000,15000,250000,0,0,0,0,0,0
270,3190,10,36,25,0,0,0,691,39,3092,3251,2000,15000,250000,0,1,0,0,0,0
271,789,10,37,25,0,0,0,696,39,3401,3251,2000,15000,250000,0,0,0,0,0,0
272,1485,10,37,25,0,0,0,696,39,3401,3251,2000,15000,250000,0,0,0,0,0,0
273,2181,10,37,25,0,0,0,696,39,3401,3251,2000,15000,250000,0,0,0,0,0,0
274,2877,10,37,25,0,0,0,696,39,3401,3251,2000,15000,250000,0,0,0,0,0,0
275,3573,10,37,25,0,0,0,696,39,3401,3251,2000,15000,250000,0,0,1,0,0,0
276,1018,10,37,26,0,0,0,716,39,3401,3576,2000,15000,250000,0,0,0,0,0,0
277,1734,10,37,26,0,0,0,716,39,3401,3576,2000,15000,250000,0,0,0,0,0,0
278,2450,10,37,26,0,0,0,716,39,3401,3576,2000,15000,250000,0,0,0,0,0,0
279,3166,10,37,26,0,0,0,716,39,3401,3576,2000,15000,250000,0,0,0,0,0,0
280,3882,10,37,26,0,0,0,716,39,3401,3576,2000,15000,250000,0,0,1,0,0,0
281,1022,10,37,27,0,0,0,736,39,3401,3933,2000,15000,250000,0,0,0,0,0,0
282,1758,10,37,27,0,0,0,736,39,3401,3933,2000,15000,250000,0,0,0,0,0,0
283,2494,10,37,27,0,0,0,736,39,3401,3933,2000,15000,250000,0,0,0,0,0,0
284,3230,10,37,27,0,0,0,736,39,3401,3933,2000,15000,250000,0,0,0,0,0,0
285,3966,10,37,27,0,0,0,736,39,3401,3933,2000,15000,250000,0,0,1,0,0,0
286,769,10,37,28,0,0,0,756,39,3401,4327,2000,15000,250000,0,0,0,0,0,0
287,1525,10,37,28,0,0,0,756,39,3401,4327,2000,15000,250000,0,0,0,0,0,0
288,2281,10,37,28,0,0,0,756,39,3401,4327,2000,15000,250000,0,0,0,0,0,0
289,3037,10,37,28,0,0,0,756,39,3401,4327,2000,15000,250000,0,0,0,0,0,0
290,3793,10,37,28,0,0,0,756,39,3401,4327,2000,15000,250000,0,1,0,0,0,0
291,1148,10,38,28,0,0,0,761,39,3741,4327,2000,15000,250000,0,0,0,0,0,0
292,1909,10,38,28,0,0,0,761,39,3741,4327,2000,15000,250000,0,0,0,0,0,0
293,2670,10,38,28,0,0,0,761,39,3741,4327,2000,15000,250000,0,0,0,0,0,0
294,3431,10,38,28,0,0,0,761,39,3741,4327,2000,15000,250000,0,0,0,0,0,0
295,4192,10,38,28,0,0,0,761,39,3741,4327,2000,15000,250000,0,1,0,0,0,0
296,1212,10,39,28,0,0,0,766,39,4115,4327,2000,15000,250000,0,0,0,0,0,0
297,1978,10,39,28,0,0,0,766,39,4115,4327,2000,15000,250000,0,0,0,0,0,0
298,2744,10,39,28,0,0,0,766,39,4115,4327,2000,15000,250000,0,0,0,0,0,0
299,3510,10,39,28,0,0,0,766,39,4115,4327,2000,15000,250000,0,0,0,0,0,0
300,4276,10,39,28,0,0,0,766,39,4115,4327,2000,15000,250000,0,1,0,0,0,0
301,927,10,40,28,0,0,0,771,39,4526,4327,2000,15000,250000,0,0,0,0,0,0
302,1698,10,40,28,0,0,0,771,39,4526,4327,2000,15000,250000,0,0,0,0,0,0
303,2469,10,40,28,0,0,0,771,39,4526,4327,2000,15000,250000,0,0,0,0,0,0
304,3240,10,40,28,0,0,0,771,39,4526,4327,2000,15000,250000,0,0,0,0,0,0
305,4011,10,40,28,0,0,0,771,39,4526,4327,2000,15000,250000,0,0,0,0,0,0
306,4782,10,40,28,0,0,0,771,39,4526,4327,2000,15000,250000,0,0,1,0,0,0
307,1226,10,40,29,0,0,0,791,39,4526,4759,2000,15000,250000,0,0,0,0,0,0
308,2017,10,40,29,0,0,0,791,39,4526,4759,2000,15000,250000,0,0,0,0,0,0
309,2808,10,40,29,0,0,0,791,39,4526,4759,2000,15000,250000,0,0,0,0,0,0
310,3599,10,40,29,0,0,0,791,39,4526,4759,2000,15000,250000,0,0,0,0,0,0
311,4390,10,40,29,0,0,0,791,39,4526,4759,2000,15000,250000,0,0,0,0,0,0
312,5181,10,40,29,0,0,0,791,39,4526,4759,2000,15000,250000,0,0,1,0,0,0
313,1213,10,40,30,0,0,0,811,39,4526,5235,2000,15000,250000,0,0,0,0,0,0
314,2024,10,40,30,0,0,0,811,39,4526,5235,2000,15000,250000,0,0,0,0,0,0
315,2835,10,40,30,0,0,0,811,39,4526,5235,2000,15000,250000,0,0,0,0,0,0
316,3646,10,40,30,0,0,0,811,39,4526,5235,2000,15000,250000,0,0,0,0,0,0
317,4457,10,40,30,0,0,0,811,39,4526,5235,2000,15000,250000,0,0,0,0,0,0
318,5268,10,40,30,0,0,0,811,39,4526,5235,2000,15000,250000,0,0,1,0,0,0
319,844,10,40,31,0,0,0,831,39,4526,5759,2000,15000,250000,0,0,0,0,0,0
320,1675,10,40,31,0,0,0,831,39,4526,5759,2000,15000,250000,0,0,0,0,0,0
321,2506,10,40,31,0,0,0,831,39,4526,5759,2000,15000,250000,0,0,0,0,0,0
322,3337,10,40,31,0,0,0,831,39,4526,5759,2000,15000,250000,0,0,0,0,0,0
323,4168,10,40,31,0,0,0,831,39,4526,5759,2000,15000,250000,0,0,0,0,0,0
324,4999,10,40,31,0,0,0,831,39,4526,5759,2000,15000,250000,0,1,0,0,0,0
325,1304,10,41,31,0,0,0,836,39,4979,5759,2000,15000,250000,0,0,0,0,0,0
326,2140,10,41,31,0,0,0,836,39,4979,5759,2000,15000,250000,0,0,0,0,0,0
327,2976,10,41,31,0,0,0,836,39,4979,5759,2000,15000,250000,0,0,0,0,0,0
328,3812,10,41,31,0,0,0,836,39,4979,5759,2000,15000,250000,0,0,0,0,0,0
329,4648,10,41,31,0,0,0,836,39,4979,5759,2000,15000,250000,0,0,0,0,0,0
330,5484,10,41,31,0,0,0,836,39,4979,5759,2000,15000,250000,0,1,0,0,0,0
331,1341,10,42,31,0,0,0,841,39,5477,5759,2000,15000,250000,0,0,0,0,0,0
332,2182,10,42,31,0,0,0,841,39,5477,5759,2000,15000,250000,0,0,0,0,0,0
333,3023,10,42,31,0,0,0,841,39,5477,5759,2000,15000,250000,0,0,0,0,0,0
334,3864,10,42,31,0,0,0,841,39,5477,5759,2000,15000,250000,0,0,0,0,0,0
335,4705,10,42,31,0,0,0,841,39,5477,5759,2000,15000,250000,0,0,0,0,0,0
336,5546,10,42,31,0,0,0,841,39,5477,5759,2000,15000,250000,0,1,0,0,0,0
337,910,10,43,31,0,0,0,846,39,6025,5759,2000,15000,250000,0,0,0,0,0,0
338,1756,10,43,31,0,0,0,846,39,6025,5759,2000,15000,250000,0,0,0,0,0,0
339,2602,10,43,31,0,0,0,846,39,6025,5759,2000,15000,250000,0,0,0,0,0,0
340,3448,10,43,31,0,0,0,846,39,6025,5759,2000,15000,250000,0,0,0,0,0,0
341,4294,10,43,31,0,0,0,846,39,6025,5759,2000,15000,250000,0,0,0,0,0,0
342,5140,10,43,31,0,0,0,846,39,6025,5759,2000,15000,250000,0,0,0,0,0,0
343,5986,10,43,31,0,0,0,846,39,6025,5759,2000,15000,250000,0,0,1,0,0,0
344,1073,10,43,32,0,0,0,866,39,6025,6335,2000,15000,250000,0,0,0,0,0,0
345,1939,10,43,32,0,0,0,866,39,6025,6335,2000,15000,250000,0,0,0,0,0,0
346,2805,10,43,32,0,0,0,866,39,6025,6335,2000,15000,250000,0,0,0,0,0,0
347,3671,10,43,32,0,0,0,866,39,6025,6335,2000,15000,250000,0,0,0,0,0,0
348,4537,10,43,32,0,0,0,866,39,6025,6335,2000,15000,250000,0,0,0,0,0,0
349,5403,10,43,32,0,0,0,866,39,6025,6335,2000,15000,250000,0,0,0,0,0,0
350,6269,10,43,32,0,0,0,866,39,6025,6335,2000,15000,250000,0,1,0,0,0,0
351,1110,10,44,32,0,0,0,871,39,6627,6335,2000,15000,250000,0,0,0,0,0,0
352,1981,10,44,32,0,0,0,871,39,6627,6335,2000,15000,250000,0,0,0,0,0,0
353,2852,10,44,32,0,0,0,871,39,6627,6335,2000,15000,250000,0,0,0,0,0,0
354,3723,10,44,32,0,0,0,871,39,6627,6335,2000,15000,250000,0,0,0,0,0,0
355,4594,10,44,32,0,0,0,871,39,6627,6335,2000,15000,250000,0,0,0,0,0,0
356,5465,10,44,32,0,0,0,871,39,6627,6335,2000,15000,250000,0,0,0,0,0,0
357,6336,10,44,32,0,0,0,871,39,6627,6335,2000,15000,250000,0,0,1,0,0,0
358,872,10,44,33,0,0,0,891,39,6627,6968,2000,15000,250000,0,0,0,0,0,0
359,1763,10,44,33,0,0,0,891,39,6627,6968,2000,15000,250000,0,0,0,0,0,0
360,2654,10,44,33,0,0,0,891,39,6627,6968,2000,15000,250000,0,0,0,0,0,0
361,3545,10,44,33,0,0,0,891,39,6627,6968,2000,15000,250000,0,0,0,0,0,0
362,4436,10,44,33,0,0,0,891,39,6627,6968,2000,15000,250000,0,0,0,0,0,0
363,5327,10,44,33,0,0,0,891,39,6627,6968,2000,15000,250000,0,0,0,0,0,0
364,6218,10,44,33,0,0,0,891,39,6627,6968,2000,15000,250000,0,0,0,0,0,0
365,7109,10,44,33,0,0,0,891,39,6627,6968,2000,15000,250000,0,0,1,0,0,0
366,1032,10,44,34,0,0,0,911,39,6627,7665,2000,15000,250000,0,0,0,0,0,0
367,1943,10,44,34,0,0,0,911,39,6627,7665,2000,15000,250000,0,0,0,0,0,0
368,2854,10,44,34,0,0,0,911,39,6627,7665,2000,15000,250000,0,0,0,0,0,0
369,3765,10,44,34,0,0,0,911,39,6627,7665,2000,15000,250000,0,0,0,0,0,0
370,4676,10,44,34,0,0,0,911,39,6627,7665,2000,15000,250000,0,0,0,0,0,0
371,5587,10,44,34,0,0,0,911,39,6627,7665,2000,15000,250000,0,0,0,0,0,0
372,6498,10,44,34,0,0,0,911,39,6627,7665,2000,15000,250000,0,0,0,0,0,0
373,7409,10,44,34,0,0,0,911,39,6627,7665,2000,15000,250000,0,1,0,0,0,0
374,1693,10,45,34,0,0,0,916,39,7290,7665,2000,15000,250000,0,0,0,0,0,0
375,2609,10,45,34,0,0,0,916,39,7290,7665,2000,15000,250000,0,0,0,0,0,0
376,3525,10,45,34,0,0,0,916,39,7290,7665,2000,15000,250000,0,0,0,0,0,0
377,4441,10,45,34,0,0,0,916,39,7290,7665,2000,15000,250000,0,0,0,0,0,0
378,5357,10,45,34,0,0,0,916,39,7290,7665,2000,15000,250000,0,0,0,0,0,0
379,6273,10,45,34,0,0,0,916,39,7290,7665,2000,15000,250000,0,0,0,0,0,0
380,7189,10,45,34,0,0,0,916,39,7290,7665,2000,15000,250000,0,0,0,0,0,0
381,8105,10,45,34,0,0,0,916,39,7290,7665,2000,15000,250000,0,0,1,0,0,0
382,1356,10,45,35,0,0,0,936,39,7290,8431,2000,15000,250000,0,0,0,0,0,0
383,2292,10,45,35,0,0,0,936,39,7290,8431,2000,15000,250000,0,0,0,0,0,0
384,3228,10,45,35,0,0,0,936,39,7290,8431,2000,15000,250000,0,0,0,0,0,0
385,4164,10,45,35,0,0,0,936,39,7290,8431,2000,15000,250000,0,0,0,0,0,0
386,5100,10,45,35,0,0,0,936,39,7290,8431,2000,15000,250000,0,0,0,0,0,0
387,6036,10,45,35,0,0,0,936,39,7290,8431,2000,15000,250000,0,0,0,0,0,0
388,6972,10,45,35,0,0,0,936,39,7290,8431,2000,15000,250000,0,0,0,0,0,0
389,7908,10,45,35,0,0,0,936,39,7290,8431,2000,15000,250000,0,1,0,0,0,0
390,1554,10,46,35,0,0,0,941,39,8018,8431,2000,15000,250000,0,0,0,0,0,0
391,2495,10,46,35,0,0,0,941,39,8018,8431,2000,15000,250000,0,0,0,0,0,0
392,3436,10,46,35,0,0,0,941,39,8018,8431,2000,15000,250000,0,0,0,0,0,0
393,4377,10,46,35,0,0,0,941,39,8018,8431,2000,15000,250000,0,0,0,0,0,0
394,5318,10,46,35,0,0,0,941,39,8018,8431,2000,15000,250000,0,0,0,0,0,0
395,6259,10,46,35,0,0,0,941,39,8018,8431,2000,15000,250000,0,0,0,0,0,0
396,7200,10,46,35,0,0,0,941,39,8018,8431,2000,15000,250000,0,0,0,0,0,0
397,8141,10,46,35,0,0,0,941,39,8018,8431,2000,15000,250000,0,1,0,0,0,0
398,1064,10,47,35,0,0,0,946,39,8820,8431,2000,15000,250000,0,0,0,0,0,0
399,2010,10,47,35,0,0,0,946,39,8820,8431,2000,15000,250000,0,0,0,0,0,0
400,2956,10,47,35,0,0,0,946,39,8820,8431,2000,15000,250000,0,0,0,0,0,0
401,3902,10,47,35,0,0,0,946,39,8820,8431,2000,15000,250000,0,0,0,0,0,0
402,4848,10,47,35,0,0,0,946,39,8820,8431,2000,15000,250000,0,0,0,0,0,0
403,5794,10,47,35,0,0,0,946,39,8820,8431,2000,15000,250000,0,0,0,0,0,0
404,6740,10,47,35,0,0,0,946,39,8820,8431,2000,15000,250000,0,0,0,0,0,0
405,7686,10,47,35,0,0,0,946,39,8820,8431,2000,15000,250000,0,0,0,0,0,0
406,8632,10,47,35,0,0,0,946,39,8820,8431,2000,15000,250000,0,0,1,0,0,0
407,1147,10,47,36,0,0,0,966,39,8820,9274,2000,15000,250000,0,0,0,0,0,0
408,2113,10,47,36,0,0,0,966,39,8820,9274,2000,15000,250000,0,0,0,0,0,0
409,3079,10,47,36,0,0,0,966,39,8820,9274,2000,15000,250000,0,0,0,0,0,0
410,4045,10,47,36,0,0,0,966,39,8820,9274,2000,15000,250000,0,0,0,0,0,0
411,5011,10,47,36,0,0,0,966,39,8820,9274,2000,15000,250000,0,0,0,0,0,0
412,5977,10,47,36,0,0,0,966,39,8820,9274,2000,15000,250000,0,0,0,0,0,0
413,6943,10,47,36,0,0,0,966,39,8820,9274,2000,15000,250000,0,0,0,0,0,0
414,7909,10,47,36,0,0,0,966,39,8820,9274,2000,15000,250000,0,0,0,0,0,0
415,8875,10,47,36,0,0,0,966,39,8820,9274,2000,15000,250000,0,1,0,0,0,0
416,1021,10,48,36,0,0,0,971,39,9702,9274,2000,15000,250000,0,0,0,0,0,0
417,1992,10,48,36,0,0,0,971,39,9702,9274,2000,15000,250000,0,0,0,0,0,0
418,2963,10,48,36,0,0,0,971,39,9702,9274,2000,15000,250000,0,0,0,0,0,0
419,3934,10,48,36,0,0,0,971,39,9702,9274,2000,15000,250000,0,0,0,0,0,0
420,4905,10,48,36,0,0,0,971,39,9702,9274,2000,15000,250000,0,0,0,0,0,0
421,5876,10,48,36,0,0,0,971,39,9702,9274,2000,15000,250000,0,0,0,0,0,0
422,6847,10,48,36,0,0,0,971,39,9702,9274,2000,15000,250000,0,0,0,0,0,0
423,7818,10,48,36,0,0,0,971,39,9702,9274,2000,15000,250000,0,0,0,0,0,0
424,8789,10,48,36,0,0,0,971,39,9702,9274,2000,15000,250000,0,0,0,0,0,0
425,9760,10,48,36,0,0,0,971,39,9702,9274,2000,15000,250000,0,0,1,0,0,0
426,1457,10,48,37,0,0,0,991,39,9702,10202,2000,15000,250000,0,0,0,0,0,0
427,2448,10,48,37,0,0,0,991,39,9702,10202,2000,15000,250000,0,0,0,0,0,0
428,3439,10,48,37,0,0,0,991,39,9702,10202,2000,15000,250000,0,0,0,0,0,0
429,4430,10,48,37,0,0,0,991,39,9702,10202,2000,15000,250000,0,0,0,0,0,0
430,5421,10,48,37,0,0,0,991,39,9702,10202,2000,15000,250000,0,0,0,0,0,0
431,6412,10,48,37,0,0,0,991,39,9702,10202,2000,15000,250000,0,0,0,0,0,0
432,7403,10,48,37,0,0,0,991,39,9702,10202,2000,15000,250000,0,0,0,0,0,0
433,8394,10,48,37,0,0,0,991,39,9702,10202,2000,15000,250000,0,0,0,0,0,0
434,9385,10,48,37,0,0,0,991,39,9702,10202,2000,15000,250000,0,0,0,0,0,0
435,10376,10,48,37,0,0,0,991,39,9702,10202,2000,15000,250000,0,0,1,0,0,0
436,1165,10,48,38,0,0,0,1011,39,9702,11222,2000,15000,250000,0,0,0,0,0,0
437,2176,10,48,38,0,0,0,1011,39,9702,11222,2000,15000,250000,0,0,0,0,0,0
438,3187,10,48,38,0,0,0,1011,39,9702,11222,2000,15000,250000,0,0,0,0,0,0
439,4198,10,48,38,0,0,0,1011,39,9702,11222,2000,15000,250000,0,0,0,0,0,0
440,5209,10,48,38,0,0,0,1011,39,9702,11222,2000,15000,250000,0,0,0,0,0,0
441,6220,10,48,38,0,0,0,1011,39,9702,11222,2000,15000,250000,0,0,0,0,0,0
442,7231,10,48,38,0,0,0,1011,39,9702,11222,2000,15000,250000,0,0,0,0,0,0
443,8242,10,48,38,0,0,0,1011,39,9702,11222,2000,15000,250000,0,0,0,0,0,0
444,9253,10,48,38,0,0,0,1011,39,9702,11222,2000,15000,250000,0,0,0,0,0,0
445,10264,10,48,38,0,0,0,1011,39,9702,11222,2000,15000,250000,0,1,0,0,0,0
446,1573,10,49,38,0,0,0,1016,39,10672,11222,2000,15000,250000,0,0,0,0,0,0
447,2589,10,49,38,0,0,0,1016,39,10672,11222,2000,15000,250000,0,0,0,0,0,0
448,3605,10,49,38,0,0,0,1016,39,10672,11222,2000,15000,250000,0,0,0,0,0,0
449,4621,10,49,38,0,0,0,1016,39,10672,11222,2000,15000,250000,0,0,0,0,0,0
450,5637,10,49,38,0,0,0,1016,39,10672,11222,2000,15000,250000,0,0,0,0,0,0
451,6653,10,49,38,0,0,0,1016,39,10672,11222,2000,15000,250000,0,0,0,0,0,0
452,7669,10,49,38,0,0,0,1016,39,10672,11222,2000,15000,250000,0,0,0,0,0,0
453,8685,10,49,38,0,0,0,1016,39,10672,11222,2000,15000,250000,0,0,0,0,0,0
454,9701,10,49,38,0,0,0,1016,39,10672,11222,2000,15000,250000,0,0,0,0,0,0
455,10717,10,49,38,0,0,0,1016,39,10672,11222,2000,15000,250000,0,1,0,0,0,0
456,1061,10,50,38,0,0,0,1021,39,11740,11222,2000,15000,250000,0,0,0,0,0,0
457,2082,10,50,38,0,0,0,1021,39,11740,11222,2000,15000,250000,0,0,0,0,0,0
458,3103,10,50,38,0,0,0,1021,39,11740,11222,2000,15000,250000,0,0,0,0,0,0
459,4124,10,50,38,0,0,0,1021,39,11740,11222,2000,15000,250000,0,0,0,0,0,0
460,5145,10,50,38,0,0,0,1021,39,11740,11222,2000,15000,250000,0,0,0,0,0,0
461,6166,10,50,38,0,0,0,1021,39,11740,11222,2000,15000,250000,0,0,0,0,0,0
462,7187,10,50,38,0,0,0,1021,39,11740,11222,2000,15000,250000,0,0,0,0,0,0
463,8208,10,50,38,0,0,0,1021,39,11740,11222,2000,15000,250000,0,0,0,0,0,0
464,9229,10,50,38,0,0,0,1021,39,11740,11222,2000,15000,250000,0,0,0,0,0,0
465,10250,10,50,38,0,0,0,1021,39,11740,11222,2000,15000,250000,0,0,0,0,0,0
466,11271,10,50,38,0,0,0,1021,39,11740,11222,2000,15000,250000,0,0,1,0,0,0
467,1070,10,50,39,0,0,0,1041,39,11740,12344,2000,15000,250000,0,0,0,0,0,0
468,2111,10,50,39,0,0,0,1041,39,11740,12344,2000,15000,250000,0,0,0,0,0,0
469,3152,10,50,39,0,0,0,1041,39,11740,12344,2000,15000,250000,0,0,0,0,0,0
470,4193,10,50,39,0,0,0,1041,39,11740,12344,2000,15000,250000,0,0,0,0,0,0
471,5234,10,50,39,0,0,0,1041,39,11740,12344,2000,15000,250000,0,0,0,0,0,0
472,6275,10,50,39,0,0,0,1041,39,11740,12344,2000,15000,250000,0,0,0,0,0,0
473,7316,10,50,39,0,0,0,1041,39,11740,12344,2000,15000,250000,0,0,0,0,0,0
474,8357,10,50,39,0,0,0,1041,39,11740,12344,2000,15000,250000,0,0,0,0,0,0
475,9398,10,50,39,0,0,0,1041,39,11740,12344,2000,15000,250000,0,0,0,0,0,0
476,10439,10,50,39,0,0,0,1041,39,11740,12344,2000,15000,250000,0,0,0,0,0,0
477,11480,10,50,39,0,0,0,1041,39,11740,12344,2000,15000,250000,0,0,0,0,0,0
478,12521,10,50,39,0,0,0,1041,39,11740,12344,2000,15000,250000,0,0,1,0,0,0
479,1218,10,50,40,0,0,0,1061,39,11740,13578,2000,15000,250000,0,0,0,0,0,0
480,2279,10,50,40,0,0,0,1061,39,11740,13578,2000,15000,250000,0,0,0,0,0,0
481,3340,10,50,40,0,0,0,1061,39,11740,13578,2000,15000,250000,0,0,0,0,0,0
482,4401,10,50,40,0,0,0,1061,39,11740,13578,2000,15000,250000,0,0,0,0,0,0
483,5462,10,50,40,0,0,0,1061,39,11740,13578,2000,15000,250000,0,0,0,0,0,0
484,6523,10,50,40,0,0,0,1061,39,11740,13578,2000,15000,250000,0,0,0,0,0,0
485,7584,10,50,40,0,0,0,1061,39,11740,13578,2000,15000,250000,0,0,0,0,0,0
486,8645,10,50,40,0,0,0,1061,39,11740,13578,2000,15000,250000,0,0,0,0,0,0
487,9706,10,50,40,0,0,0,1061,39,11740,13578,2000,15000,250000,0,0,0,0,0,0
488,10767,10,50,40,0,0,0,1061,39,11740,13578,2000,15000,250000,0,0,0,0,0,0
489,11828,10,50,40,0,0,0,1061,39,11740,13578,2000,15000,250000,0,1,0,0,0,0
490,1149,10,51,40,0,0,0,1066,39,12913,13578,2000,15000,250000,0,0,0,0,0,0
491,2215,10,51,40,0,0,0,1066,39,12913,13578,2000,15000,250000,0,0,0,0,0,0
492,3281,10,51,40,0,0,0,1066,39,12913,13578,2000,15000,250000,0,0,0,0,0,0
493,4347,10,51,40,0,0,0,1066,39,12913,13578,2000,15000,250000,0,0,0,0,0,0
494,5413,10,51,40,0,0,0,1066,39,12913,13578,2000,15000,250000,0,0,0,0,0,0
495,6479,10,51,40,0,0,0,1066,39,12913,13578,2000,15000,250000,0,0,0,0,0,0
496,7545,10,51,40,0,0,0,1066,39,12913,13578,2000,15000,250000,0,0,0,0,0,0
497,8611,10,51,40,0,0,0,1066,39,12913,13578,2000,15000,250000,0,0,0,0,0,0
498,9677,10,51,40,0,0,0,1066,39,12913,13578,2000,15000,250000,0,0,0,0,0,0
499,10743,10,51,40,0,0,0,1066,39,12913,13578,2000,15000,250000,0,0,0,0,0,0
500,11809,10,51,40,0,0,0,1066,39,12913,13578,2000,15000,250000,0,0,0,0,0,0
501,12875,10,51,40,0,0,0,1066,39,12913,13578,2000,15000,250000,0,0,0,0,0,0
502,13941,10,51,40,0,0,0,1066,39,12913,13578,2000,15000,250000,0,0,1,0,0,0
503,1429,10,51,41,0,0,0,1086,39,12913,14936,2000,15000,250000,0,0,0,0,0,0
504,2515,10,51,41,0,0,0,1086,39,12913,14936,2000,15000,250000,0,0,0,0,0,0
505,3601,10,51,41,0,0,0,1086,39,12913,14936,2000,15000,250000,0,0,0,0,0,0
506,4687,10,51,41,0,0,0,1086,39,12913,14936,2000,15000,250000,0,0,0,0,0,0
507,5773,10,51,41,0,0,0,1086,39,12913,14936,2000,15000,250000,0,0,0,0,0,0
508,6859,10,51,41,0,0,0,1086,39,12913,14936,2000,15000,250000,0,0,0,0,0,0
509,7945,10,51,41,0,0,0,1086,39,12913,14936,2000,15000,250000,0,0,0,0,0,0
510,9031,10,51,41,0,0,0,1086,39,12913,14936,2000,15000,250000,0,0,0,0,0,0
511,10117,10,51,41,0,0,0,1086,39,12913,14936,2000,15000,250000,0,0,0,0,0,0
512,11203,10,51,41,0,0,0,1086,39,12913,14936,2000,15000,250000,0,0,0,0,0,0
513,12289,10,51,41,0,0,0,1086,39,12913,14936,2000,15000,250000,0,0,0,0,0,0
514,13375,10,51,41,0,0,0,1086,39,12913,14936,2000,15000,250000,0,1,0,0,0,0
515,1548,10,52,41,0,0,0,1091,39,14205,14936,2000,15000,250000,0,0,0,0,0,0
516,2639,10,52,41,0,0,0,1091,39,14205,14936,2000,15000,250000,0,0,0,0,0,0
517,3730,10,52,41,0,0,0,1091,39,14205,14936,2000,15000,250000,0,0,0,0,0,0
518,4821,10,52,41,0,0,0,1091,39,14205,14936,2000,15000,250000,0,0,0,0,0,0
519,5912,10,52,41,0,0,0,1091,39,14205,14936,2000,15000,250000,0,0,0,0,0,0
520,7003,10,52,41,0,0,0,1091,39,14205,14936,2000,15000,250000,0,0,0,0,0,0
521,8094,10,52,41,0,0,0,1091,39,14205,14936,2000,15000,250000,0,0,0,0,0,0
522,9185,10,52,41,0,0,0,1091,39,14205,14936,2000,15000,250000,0,0,0,0,0,0
523,10276,10,52,41,0,0,0,1091,39,14205,14936,2000,15000,250000,0,0,0,0,0,0
524,11367,10,52,41,0,0,0,1091,39,14205,14936,2000,15000,250000,0,0,0,0,0,0
525,12458,10,52,41,0,0,0,1091,39,14205,14936,2000,15000,250000,0,0,0,0,0,0
526,13549,10,52,41,0,0,0,1091,39,14205,14936,2000,15000,250000,0,0,0,0,0,0
527,14640,10,52,41,0,0,0,1091,39,14205,14936,2000,15000,250000,0,1,0,0,0,0
528,1526,10,53,41,0,0,0,1096,39,15625,14936,2000,15000,250000,0,0,0,0,0,0
529,2622,10,53,41,0,0,0,1096,39,15625,14936,2000,15000,250000,0,0,0,0,0,0
530,3718,10,53,41,0,0,0,1096,39,15625,14936,2000,15000,250000,0,0,0,0,0,0
531,4814,10,53,41,0,0,0,1096,39,15625,14936,2000,15000,250000,0,0,0,0,0,0
532,5910,10,53,41,0,0,0,1096,39,15625,14936,2000,15000,250000,0,0,0,0,0,0
533,7006,10,53,41,0,0,0,1096,39,15625,14936,2000,15000,250000,0,0,0,0,0,0
534,8102,10,53,41,0,0,0,1096,39,15625,14936,2000,15000,250000,0,0,0,0,0,0
535,9198,10,53,41,0,0,0,1096,39,15625,14936,2000,15000,250000,0,0,0,0,0,0
536,10294,10,53,41,0,0,0,1096,39,15625,14936,2000,15000,250000,0,0,0,0,0,0
537,11390,10,53,41,0,0,0,1096,39,15625,14936,2000,15000,250000,0,0,0,0,0,0
538,12486,10,53,41,0,0,0,1096,39,15625,14936,2000,15000,250000,0,0,0,0,0,0
539,13582,10,53,41,0,0,0,1096,39,15625,14936,2000,15000,250000,0,0,0,0,0,0
540,14678,10,53,41,0,0,0,1096,39,15625,14936,2000,15000,250000,0,0,0,0,0,0
541,15774,10,53,41,0,0,0,1096,39,15625,14936,2000,15000,250000,0,0,1,0,0,0
542,1934,10,53,42,0,0,0,1116,39,15625,16430,2000,15000,250000,0,0,0,0,0,0
543,3050,10,53,42,0,0,0,1116,39,15625,16430,2000,15000,250000,0,0,0,0,0,0
544,4166,10,53,42,0,0,0,1116,39,15625,16430,2000,15000,250000,0,0,0,0,0,0
545,5282,10,53,42,0,0,0,1116,39,15625,16430,2000,15000,250000,0,0,0,0,0,0
546,6398,10,53,42,0,0,0,1116,39,15625,16430,2000,15000,250000,0,0,0,0,0,0
547,7514,10,53,42,0,0,0,1116,39,15625,16430,2000,15000,250000,0,0,0,0,0,0
548,8630,10,53,42,0,0,0,1116,39,15625,16430,2000,15000,250000,0,0,0,0,0,0
549,9746,10,53,42,0,0,0,1116,39,15625,16430,2000,15000,250000,0,0,0,0,0,0
550,10862,10,53,42,0,0,0,1116,39,15625,16430,2000,15000,250000,0,0,0,0,0,0
551,11978,10,53,42,0,0,0,1116,39,15625,16430,2000,15000,250000,0,0,0,0,0,0
552,13094,10,53,42,0,0,0,1116,39,15625,16430,2000,15000,250000,0,0,0,0,0,0
553,14210,10,53,42,0,0,0,1116,39,15625,16430,2000,15000,250000,0,0,0,0,0,0
554,15326,10,53,42,0,0,0,1116,39,15625,16430,2000,15000,250000,0,0,0,0,0,0
555,16442,10,53,42,0,0,0,1116,39,15625,16430,2000,15000,250000,0,0,1,0,0,0
556,1128,10,53,43,0,0,0,1136,39,15625,18073,2000,15000,250000,0,0,0,0,0,0
557,2264,10,53,43,0,0,0,1136,39,15625,18073,2000,15000,250000,0,0,0,0,0,0
558,3400,10,53,43,0,0,0,1136,39,15625,18073,2000,15000,250000,0,0,0,0,0,0
559,4536,10,53,43,0,0,0,1136,39,15625,18073,2000,15000,250000,0,0,0,0,0,0
560,5672,10,53,43,0,0,0,1136,39,15625,18073,2000,15000,250000,0,0,0,0,0,0
561,6808,10,53,43,0,0,0,1136,39,15625,18073,2000,15000,250000,0,0,0,0,0,0
562,7944,10,53,43,0,0,0,1136,39,15625,18073,2000,15000,250000,0,0,0,0,0,0
563,9080,10,53,43,0,0,0,1136,39,15625,18073,2000,15000,250000,0,0,0,0,0,0
564,10216,10,53,43,0,0,0,1136,39,15625,18073,2000,15000,250000,0,0,0,0,0,0
565,11352,10,53,43,0,0,0,1136,39,15625,18073,2000,15000,250000,0,0,0,0,0,0
566,12488,10,53,43,0,0,0,1136,39,15625,18073,2000,15000,250000,0,0,0,0,0,0
567,13624,10,53,43,0,0,0,1136,39,15625,18073,2000,15000,250000,0,0,0,0,0,0
568,14760,10,53,43,0,0,0,1136,39,15625,18073,2000,15000,250000,0,0,0,0,0,0
569,15896,10,53,43,0,0,0,1136,39,15625,18073,2000,15000,250000,0,1,0,0,0,0
570,1407,10,54,43,0,0,0,1141,39,17188,18073,2000,15000,250000,0,0,0,0,0,0
571,2548,10,54,43,0,0,0,1141,39,17188,18073,2000,15000,250000,0,0,0,0,0,0
572,3689,10,54,43,0,0,0,1141,39,17188,18073,2000,15000,250000,0,0,0,0,0,0
573,4830,10,54,43,0,0,0,1141,39,17188,18073,2000,15000,250000,0,0,0,0,0,0
574,5971,10,54,43,0,0,0,1141,39,17188,18073,2000,15000,250000,0,0,0,0,0,0
575,7112,10,54,43,0,0,0,1141,39,17188,18073,2000,15000,250000,0,0,0,0,0,0
576,8253,10,54,43,0,0,0,1141,39,17188,18073,2000,15000,250000,0,0,0,0,0,0
577,9394,10,54,43,0,0,0,1141,39,17188,18073,2000,15000,250000,0,0,0,0,0,0
578,10535,10,54,43,0,0,0,1141,39,17188,18073,2000,15000,250000,0,0,0,0,0,0
579,11676,10,54,43,0,0,0,1141,39,17188,18073,2000,15000,250000,0,0,0,0,0,0
580,12817,10,54,43,0,0,0,1141,39,17188,18073,2000,15000,250000,0,0,0,0,0,0
581,13958,10,54,43,0,0,0,1141,39,17188,18073,2000,15000,250000,0,0,0,0,0,0
582,15099,10,54,43,0,0,0,1141,39,17188,18073,2000,15000,250000,0,0,0,0,0,0
583,16240,10,54,43,0,0,0,1141,39,17188,18073,2000,15000,250000,0,0,0,0,0,0
584,17381,10,54,43,0,0,0,1141,39,17188,18073,2000,15000,250000,0,1,0,0,0,0
585,1334,10,55,43,0,0,0,1146,39,18906,18073,2000,15000,250000,0,0,0,0,0,0
586,2480,10,55,43,0,0,0,1146,39,18906,18073,2000,15000,250000,0,0,0,0,0,0
587,3626,10,55,43,0,0,0,1146,39,18906,18073,2000,15000,250000,0,0,0,0,0,0
588,4772,10,55,43,0,0,0,1146,39,18906,18073,2000,15000,250000,0,0,0,0,0,0
589,5918,10,55,43,0,0,0,1146,39,18906,18073,2000,15000,250000,0,0,0,0,0,0
590,7064,10,55,43,0,0,0,1146,39,18906,18073,2000,15000,250000,0,0,0,0,0,0
591,8210,10,55,43,0,0,0,1146,39,18906,18073,2000,15000,250000,0,0,0,0,0,0
592,9356,10,55,43,0,0,0,1146,39,18906,18073,2000,15000,250000,0,0,0,0,0,0
593,10502,10,55,43,0,0,0,1146,39,18906,18073,2000,15000,250000,0,0,0,0,0,0
594,11648,10,55,43,0,0,0,1146,39,18906,18073,2000,15000,250000,0,0,0,0,0,0
595,12794,10,55,43,0,0,0,1146,39,18906,18073,2000,15000,250000,0,0,0,0,0,0
596,13940,10,55,43,0,0,0,1146,39,18906,18073,2000,15000,250000,0,0,0,0,0,0
597,15086,10,55,43,0,0,0,1146,39,18906,18073,2000,15000,250000,0,0,0,0,0,0
598,16232,10,55,43,0,0,0,1146,39,18906,18073,2000,15000,250000,0,0,0,0,0,0
599,17378,10,55,43,0,0,0,1146,39,18906,18073,2000,15000,250000,0,0,0,0,0,0
600,18524,10,55,43,0,0,0,1146,39,18906,18073,2000,15000,250000,0,0,1,0,0,0
601,1597,10,55,44,0,0,0,1166,39,18906,19880,2000,15000,250000,0,0,0,0,0,0
602,2763,10,55,44,0,0,0,1166,39,18906,19880,2000,15000,250000,0,0,0,1,0,0
603,1929,10,55,44,1,0,0,1266,39,18906,19880,2200,15000,250000,0,0,0,0,0,0
604,3195,10,55,44,1,0,0,1266,39,18906,19880,2200,15000,250000,0,0,0,1,0,0
605,2261,10,55,44,2,0,0,1366,39,18906,19880,2421,15000,250000,0,0,0,0,0,0
606,3627,10,55,44,2,0,0,1366,39,18906,19880,2421,15000,250000,0,0,0,1,0,0
607,2572,10,55,44,3,0,0,1466,39,18906,19880,2663,15000,250000,0,0,0,0,0,0
608,4038,10,55,44,3,0,0,1466,39,18906,19880,2663,15000,250000,0,0,0,1,0,0
609,2841,10,55,44,4,0,0,1566,39,18906,19880,2929,15000,250000,0,0,0,0,0,0
610,4407,10,55,44,4,0,0,1566,39,18906,19880,2929,15000,250000,0,0,0,1,0,0
611,3044,10,55,44,5,0,0,1666,39,18906,19880,3222,15000,250000,0,0,0,0,0,0
612,4710,10,55,44,5,0,0,1666,39,18906,19880,3222,15000,250000,0,0,0,1,0,0
613,3154,10,55,44,6,0,0,1766,39,18906,19880,3544,15000,250000,0,0,0,0,0,0
614,4920,10,55,44,6,0,0,1766,39,18906,19880,3544,15000,250000,0,0,0,1,0,0
615,3142,10,55,44,7,0,0,1866,39,18906,19880,3898,15000,250000,0,0,0,0,0,0
616,5008,10,55,44,7,0,0,1866,39,18906,19880,3898,15000,250000,0,0,0,1,0,0
617,2976,10,55,44,8,0,0,1966,39,18906,19880,4288,15000,250000,0,0,0,0,0,0
618,4942,10,55,44,8,0,0,1966,39,18906,19880,4288,15000,250000,0,0,0,1,0,0
619,2620,10,55,44,9,0,0,2066,39,18906,19880,4716,15000,250000,0,0,0,0,0,0
620,4686,10,55,44,9,0,0,2066,39,18906,19880,4716,15000,250000,0,0,0,0,0,0
621,6752,10,55,44,9,0,0,2066,39,18906,19880,4716,15000,250000,0,0,0,1,0,0
622,4102,10,55,44,10,0,0,2166,39,18906,19880,5188,15000,250000,0,0,0,0,0,0
623,6268,10,55,44,10,0,0,2166,39,18906,19880,5188,15000,250000,0,0,0,1,0,0
624,3246,10,55,44,11,0,0,2266,39,18906,19880,5707,15000,250000,0,0,0,0,0,0
625,5512,10,55,44,11,0,0,2266,39,18906,19880,5707,15000,250000,0,0,0,0,0,0
626,7778,10,55,44,11,0,0,2266,39,18906,19880,5707,15000,250000,0,0,0,1,0,0
627,4337,10,55,44,12,0,0,2366,39,18906,19880,6277,15000,250000,0,0,0,0,0,0
628,6703,10,55,44,12,0,0,2366,39,18906,19880,6277,15000,250000,0,0,0,1,0,0
629,2792,10,55,44,13,0,0,2466,39,18906,19880,6905,15000,250000,0,0,0,0,0,0
630,5258,10,55,44,13,0,0,2466,39,18906,19880,6905,15000,250000,0,0,0,0,0,0
631,7724,10,55,44,13,0,0,2466,39,18906,19880,6905,15000,250000,0,0,0,1,0,0
632,3285,10,55,44,14,0,0,2566,39,18906,19880,7595,15000,250000,0,0,0,0,0,0
633,5851,10,55,44,14,0,0,2566,39,18906,19880,7595,15000,250000,0,0,0,0,0,0
634,8417,10,55,44,14,0,0,2566,39,18906,19880,7595,15000,250000,0,0,0,1,0,0
635,3388,10,55,44,15,0,0,2666,39,18906,19880,8355,15000,250000,0,0,0,0,0,0
636,6054,10,55,44,15,0,0,2666,39,18906,19880,8355,15000,250000,0,0,0,0,0,0
637,8720,10,55,44,15,0,0,2666,39,18906,19880,8355,15000,250000,0,0,0,1,0,0
638,3031,10,55,44,16,0,0,2766,39,18906,19880,9190,15000,250000,0,0,0,0,0,0
639,5797,10,55,44,16,0,0,2766,39,18906,19880,9190,15000,250000,0,0,0,0,0,0
640,8563,10,55,44,16,0,0,2766,39,18906,19880,9190,15000,250000,0,0,0,0,0,0
641,11329,10,55,44,16,0,0,2766,39,18906,19880,9190,15000,250000,0,0,0,1,0,0
642,4905,10,55,44,17,0,0,2866,39,18906,19880,10109,15000,250000,0,0,0,0,0,0
643,7771,10,55,44,17,0,0,2866,39,18906,19880,10109,15000,250000,0,0,0,0,0,0
644,10637,10,55,44,17,0,0,2866,39,18906,19880,10109,15000,250000,0,0,0,1,0,0
645,3394,10,55,44,18,0,0,2966,39,18906,19880,11120,15000,250000,0,0,0,0,0,0
646,6360,10,55,44,18,0,0,2966,39,18906,19880,11120,15000,250000,0,0,0,0,0,0
647,9326,10,55,44,18,0,0,2966,39,18906,19880,11120,15000,250000,0,0,0,0,0,0
648,12292,10,55,44,18,0,0,2966,39,18906,19880,11120,15000,250000,0,0,0,1,0,0
649,4138,10,55,44,19,0,0,3066,39,18906,19880,12232,15000,250000,0,0,0,0,0,0
650,7204,10,55,44,19,0,0,3066,39,18906,19880,12232,15000,250000,0,0,0,0,0,0
651,10270,10,55,44,19,0,0,3066,39,18906,19880,12232,15000,250000,0,0,0,0,0,0
652,13336,10,55,44,19,0,0,3066,39,18906,19880,12232,15000,250000,0,0,0,1,0,0
653,4170,10,55,44,20,0,0,3166,39,18906,19880,13455,15000,250000,0,0,0,0,0,0
654,7336,10,55,44,20,0,0,3166,39,18906,19880,13455,15000,250000,0,0,0,0,0,0
655,10502,10,55,44,20,0,0,3166,39,18906,19880,13455,15000,250000,0,0,0,0,0,0
656,13668,10,55,44,20,0,0,3166,39,18906,19880,13455,15000,250000,0,0,0,1,0,0
657,3379,10,55,44,21,0,0,3266,39,18906,19880,14801,15000,250000,0,0,0,0,0,0
658,6645,10,55,44,21,0,0,3266,39,18906,19880,14801,15000,250000,0,0,0,0,0,0
659,9911,10,55,44,21,0,0,3266,39,18906,19880,14801,15000,250000,0,0,0,0,0,0
660,13177,10,55,44,21,0,0,3266,39,18906,19880,14801,15000,250000,0,0,0,0,0,0
661,16443,10,55,44,21,0,0,3266,39,18906,19880,14801,15000,250000,0,0,0,1,0,0
662,4908,10,55,44,22,0,0,3366,39,18906,19880,16281,15000,250000,0,0,0,0,0,0
663,8274,10,55,44,22,0,0,3366,39,18906,19880,16281,15000,250000,0,0,0,0,0,0
664,11640,10,55,44,22,0,0,3366,39,18906,19880,16281,15000,250000,0,0,0,0,0,0
665,15006,10,55,44,22,0,0,3366,39,18906,19880,16281,15000,250000,0,0,0,0,1,0
666,3372,10,55,44,22,1,0,4066,39,18906,19880,16281,16500,250000,0,0,0,0,0,0
667,7438,10,55,44,22,1,0,4066,39,18906,19880,16281,16500,250000,0,0,0,0,0,0
668,11504,10,55,44,22,1,0,4066,39,18906,19880,16281,16500,250000,0,0,0,0,0,0
669,15570,10,55,44,22,1,0,4066,39,18906,19880,16281,16500,250000,0,0,0,0,0,0
670,19636,10,55,44,22,1,0,4066,39,18906,19880,16281,16500,250000,0,1,0,0,0,0
671,4796,10,56,44,22,1,0,4071,39,20797,19880,16281,16500,250000,0,0,0,0,0,0
672,8867,10,56,44,22,1,0,4071,39,20797,19880,16281,16500,250000,0,0,0,0,0,0
673,12938,10,56,44,22,1,0,4071,39,20797,19880,16281,16500,250000,0,0,0,0,0,0
674,17009,10,56,44,22,1,0,4071,39,20797,19880,16281,16500,250000,0,0,0,1,0,0
675,4799,10,56,44,23,1,0,4171,39,20797,19880,17909,16500,250000,0,0,0,0,0,0
676,8970,10,56,44,23,1,0,4171,39,20797,19880,17909,16500,250000,0,0,0,0,0,0
677,13141,10,56,44,23,1,0,4171,39,20797,19880,17909,16500,250000,0,0,0,0,0,0
678,17312,10,56,44,23,1,0,4171,39,20797,19880,17909,16500,250000,0,0,0,0,1,0
679,4983,10,56,44,23,2,0,4871,39,20797,19880,17909,18151,250000,0,0,0,0,0,0
680,9854,10,56,44,23,2,0,4871,39,20797,19880,17909,18151,250000,0,0,0,0,0,0
681,14725,10,56,44,23,2,0,4871,39,20797,19880,17909,18151,250000,0,0,0,0,0,0
682,19596,10,56,44,23,2,0,4871,39,20797,19880,17909,18151,250000,0,0,0,1,0,0
683,6558,10,56,44,24,2,0,4971,39,20797,19880,19700,18151,250000,0,0,0,0,0,0
684,11529,10,56,44,24,2,0,4971,39,20797,19880,19700,18151,250000,0,0,0,0,0,0
685,16500,10,56,44,24,2,0,4971,39,20797,19880,19700,18151,250000,0,0,0,0,0,0
686,21471,10,56,44,24,2,0,4971,39,20797,19880,19700,18151,250000,0,0,1,0,0,0
687,6562,10,56,45,24,2,0,4991,39,20797,21868,19700,18151,250000,0,0,0,0,0,0
688,11553,10,56,45,24,2,0,4991,39,20797,21868,19700,18151,250000,0,0,0,0,0,0
689,16544,10,56,45,24,2,0,4991,39,20797,21868,19700,18151,250000,0,0,0,0,0,0
690,21535,10,56,45,24,2,0,4991,39,20797,21868,19700,18151,250000,0,1,0,0,0,0
691,5729,10,57,45,24,2,0,4996,39,22877,21868,19700,18151,250000,0,0,0,0,0,0
692,10725,10,57,45,24,2,0,4996,39,22877,21868,19700,18151,250000,0,0,0,0,0,0
693,15721,10,57,45,24,2,0,4996,39,22877,21868,19700,18151,250000,0,0,0,0,0,0
694,20717,10,57,45,24,2,0,4996,39,22877,21868,19700,18151,250000,0,0,0,1,0,0
695,6013,10,57,45,25,2,0,5096,39,22877,21868,21670,18151,250000,0,0,0,0,0,0
696,11109,10,57,45,25,2,0,5096,39,22877,21868,21670,18151,250000,0,0,0,0,0,0
697,16205,10,57,45,25,2,0,5096,39,22877,21868,21670,18151,250000,0,0,0,0,0,0
698,21301,10,57,45,25,2,0,5096,39,22877,21868,21670,18151,250000,0,0,0,0,1,0
699,8246,10,57,45,25,3,0,5796,39,22877,21868,21670,19966,250000,0,0,0,0,0,0
700,14042,10,57,45,25,3,0,5796,39,22877,21868,21670,19966,250000,0,0,0,0,0,0
701,19838,10,57,45,25,3,0,5796,39,22877,21868,21670,19966,250000,0,0,0,0,0,0
702,25634,10,57,45,25,3,0,5796,39,22877,21868,21670,19966,250000,0,0,1,0,0,0
703,9562,10,57,46,25,3,0,5816,39,22877,24054,21670,19966,250000,0,0,0,0,0,0
704,15378,10,57,46,25,3,0,5816,39,22877,24054,21670,19966,250000,0,0,0,0,0,0
705,21194,10,57,46,25,3,0,5816,39,22877,24054,21670,19966,250000,0,0,0,0,1,0
706,7044,10,57,46,25,4,0,6516,39,22877,24054,21670,21962,250000,0,0,0,0,0,0
707,13560,10,57,46,25,4,0,6516,39,22877,24054,21670,21962,250000,0,0,0,0,0,0
708,20076,10,57,46,25,4,0,6516,39,22877,24054,21670,21962,250000,0,0,0,0,0,0
709,26592,10,57,46,25,4,0,6516,39,22877,24054,21670,21962,250000,0,0,1,0,0,0
710,9054,10,57,47,25,4,0,6536,39,22877,26460,21670,21962,250000,0,0,0,0,0,0
711,15590,10,57,47,25,4,0,6536,39,22877,26460,21670,21962,250000,0,0,0,0,0,0
712,22126,10,57,47,25,4,0,6536,39,22877,26460,21670,21962,250000,0,0,0,1,0,0
713,6992,10,57,47,26,4,0,6636,39,22877,26460,23837,21962,250000,0,0,0,0,0,0
714,13628,10,57,47,26,4,0,6636,39,22877,26460,23837,21962,250000,0,0,0,0,0,0
715,20264,10,57,47,26,4,0,6636,39,22877,26460,23837,21962,250000,0,0,0,0,0,0
716,26900,10,57,47,26,4,0,6636,39,22877,26460,23837,21962,250000,0,0,1,0,0,0
717,7076,10,57,48,26,4,0,6656,39,22877,29106,23837,21962,250000,0,0,0,0,0,0
718,13732,10,57,48,26,4,0,6656,39,22877,29106,23837,21962,250000,0,0,0,0,0,0
719,20388,10,57,48,26,4,0,6656,39,22877,29106,23837,21962,250000,0,0,0,0,0,0
720,27044,10,57,48,26,4,0,6656,39,22877,29106,23837,21962,250000,0,1,0,0,0,0
721,10823,10,58,48,26,4,0,6661,39,25164,29106,23837,21962,250000,0,0,0,0,0,0
722,17484,10,58,48,26,4,0,6661,39,25164,29106,23837,21962,250000,0,0,0,0,0,0
723,24145,10,58,48,26,4,0,6661,39,25164,29106,23837,21962,250000,0,0,0,1,0,0
724,6969,10,58,48,27,4,0,6761,39,25164,29106,26220,21962,250000,0,0,0,0,0,0
725,13730,10,58,48,27,4,0,6761,39,25164,29106,26220,21962,250000,0,0,0,0,0,0
726,20491,10,58,48,27,4,0,6761,39,25164,29106,26220,21962,250000,0,0,0,0,0,0
727,27252,10,58,48,27,4,0,6761,39,25164,29106,26220,21962,250000,0,1,0,0,0,0
728,8849,10,59,48,27,4,0,6766,39,27681,29106,26220,21962,250000,0,0,0,0,0,0
729,15615,10,59,48,27,4,0,6766,39,27681,29106,26220,21962,250000,0,0,0,0,0,0
730,22381,10,59,48,27,4,0,6766,39,27681,29106,26220,21962,250000,0,0,0,0,1,0
731,7185,10,59,48,27,5,0,7466,39,27681,29106,26220,24158,250000,0,0,0,0,0,0
732,14651,10,59,48,27,5,0,7466,39,27681,29106,26220,24158,250000,0,0,0,0,0,0
733,22117,10,59,48,27,5,0,7466,39,27681,29106,26220,24158,250000,0,0,0,0,0,0
734,29583,10,59,48,27,5,0,7466,39,27681,29106,26220,24158,250000,0,0,1,0,0,0
735,7943,10,59,49,27,5,0,7486,39,27681,32016,26220,24158,250000,0,0,0,0,0,0
736,15429,10,59,49,27,5,0,7486,39,27681,32016,26220,24158,250000,0,0,0,0,0,0
737,22915,10,59,49,27,5,0,7486,39,27681,32016,26220,24158,250000,0,0,0,0,0,0
738,30401,10,59,49,27,5,0,7486,39,27681,32016,26220,24158,250000,0,1,0,0,0,0
739,10206,10,60,49,27,5,0,7491,39,30449,32016,26220,24158,250000,0,0,0,0,0,0
740,17697,10,60,49,27,5,0,7491,39,30449,32016,26220,24158,250000,0,0,0,0,0,0
741,25188,10,60,49,27,5,0,7491,39,30449,32016,26220,24158,250000,0,0,0,0,1,0
742,8521,10,60,49,27,6,0,8191,39,30449,32016,26220,26574,250000,0,0,0,0,0,0
743,16712,10,60,49,27,6,0,8191,39,30449,32016,26220,26574,250000,0,0,0,0,0,0
744,24903,10,60,49,27,6,0,8191,39,30449,32016,26220,26574,250000,0,0,0,0,0,0
745,33094,10,60,49,27,6,0,8191,39,30449,32016,26220,26574,250000,0,0,1,0,0,0
746,9269,10,60,50,27,6,0,8211,39,30449,35218,26220,26574,250000,0,0,0,0,0,0
747,17480,10,60,50,27,6,0,8211,39,30449,35218,26220,26574,250000,0,0,0,0,0,0
748,25691,10,60,50,27,6,0,8211,39,30449,35218,26220,26574,250000,0,0,0,0,0,0
749,33902,10,60,50,27,6,0,8211,39,30449,35218,26220,26574,250000,0,1,0,0,0,0
750,11664,10,61,50,27,6,0,8216,39,33493,35218,26220,26574,250000,0,0,0,0,0,0
751,19880,10,61,50,27,6,0,8216,39,33493,35218,26220,26574,250000,0,0,0,0,0,0
752,28096,10,61,50,27,6,0,8216,39,33493,35218,26220,26574,250000,0,0,0,1,0,0
753,10092,10,61,50,28,6,0,8316,39,33493,35218,28842,26574,250000,0,0,0,0,0,0
754,18408,10,61,50,28,6,0,8316,39,33493,35218,28842,26574,250000,0,0,0,0,0,0
755,26724,10,61,50,28,6,0,8316,39,33493,35218,28842,26574,250000,0,0,0,0,1,0
756,8466,10,61,50,28,7,0,9016,39,33493,35218,28842,29231,250000,0,0,0,0,0,0
757,17482,10,61,50,28,7,0,9016,39,33493,35218,28842,29231,250000,0,0,0,0,0,0
758,26498,10,61,50,28,7,0,9016,39,33493,35218,28842,29231,250000,0,0,0,0,0,0
759,35514,10,61,50,28,7,0,9016,39,33493,35218,28842,29231,250000,0,0,1,0,0,0
760,9312,10,61,51,28,7,0,9036,39,33493,38739,28842,29231,250000,0,0,0,0,0,0
761,18348,10,61,51,28,7,0,9036,39,33493,38739,28842,29231,250000,0,0,0,0,0,0
762,27384,10,61,51,28,7,0,9036,39,33493,38739,28842,29231,250000,0,0,0,0,0,0
763,36420,10,61,51,28,7,0,9036,39,33493,38739,28842,29231,250000,0,1,0,0,0,0
764,11963,10,62,51,28,7,0,9041,39,36843,38739,28842,29231,250000,0,0,0,0,0,0
765,21004,10,62,51,28,7,0,9041,39,36843,38739,28842,29231,250000,0,0,0,0,0,0
766,30045,10,62,51,28,7,0,9041,39,36843,38739,28842,29231,250000,0,0,0,1,0,0
767,10244,10,62,51,29,7,0,9141,39,36843,38739,31727,29231,250000,0,0,0,0,0,0
768,19385,10,62,51,29,7,0,9141,39,36843,38739,31727,29231,250000,0,0,0,0,0,0
769,28526,10,62,51,29,7,0,9141,39,36843,38739,31727,29231,250000,0,0,0,0,0,0
770,37667,10,62,51,29,7,0,9141,39,36843,38739,31727,29231,250000,0,1,0,0,0,0
771,9965,10,63,51,29,7,0,9146,39,40527,38739,31727,29231,250000,0,0,0,0,0,0
772,19111,10,63,51,29,7,0,9146,39,40527,38739,31727,29231,250000,0,0,0,0,0,0
773,28257,10,63,51,29,7,0,9146,39,40527,38739,31727,29231,250000,0,0,0,0,0,0
774,37403,10,63,51,29,7,0,9146,39,40527,38739,31727,29231,250000,0,0,0,1,0,0
775,14822,10,63,51,30,7,0,9246,39,40527,38739,34899,29231,250000,0,0,0,0,0,0
776,24068,10,63,51,30,7,0,9246,39,40527,38739,34899,29231,250000,0,0,0,0,0,0
777,33314,10,63,51,30,7,0,9246,39,40527,38739,34899,29231,250000,0,0,0,0,1,0
778,13329,10,63,51,30,8,0,9946,39,40527,38739,34899,32154,250000,0,0,0,0,0,0
779,23275,10,63,51,30,8,0,9946,39,40527,38739,34899,32154,250000,0,0,0,0,0,0
780,33221,10,63,51,30,8,0,9946,39,40527,38739,34899,32154,250000,0,0,0,0,1,0
781,11013,10,63,51,30,9,0,10646,39,40527,38739,34899,35370,250000,0,0,0,0,0,0
782,21659,10,63,51,30,9,0,10646,39,40527,38739,34899,35370,250000,0,0,0,0,0,0
783,32305,10,63,51,30,9,0,10646,39,40527,38739,34899,35370,250000,0,0,0,0,0,0
784,42951,10,63,51,30,9,0,10646,39,40527,38739,34899,35370,250000,0,0,1,0,0,0
785,14858,10,63,52,30,9,0,10666,39,40527,42613,34899,35370,250000,0,0,0,0,0,0
786,25524,10,63,52,30,9,0,10666,39,40527,42613,34899,35370,250000,0,0,0,0,0,0
787,36190,10,63,52,30,9,0,10666,39,40527,42613,34899,35370,250000,0,0,0,1,0,0
788,11957,10,63,52,31,9,0,10766,39,40527,42613,38389,35370,250000,0,0,0,0,0,0
789,22723,10,63,52,31,9,0,10766,39,40527,42613,38389,35370,250000,0,0,0,0,0,0
790,33489,10,63,52,31,9,0,10766,39,40527,42613,38389,35370,250000,0,0,0,0,0,0
791,44255,10,63,52,31,9,0,10766,39,40527,42613,38389,35370,250000,0,0,1,0,0,0
792,12408,10,63,53,31,9,0,10786,39,40527,46875,38389,35370,250000,0,0,0,0,0,0
793,23194,10,63,53,31,9,0,10786,39,40527,46875,38389,35370,250000,0,0,0,0,0,0
794,33980,10,63,53,31,9,0,10786,39,40527,46875,38389,35370,250000,0,0,0,0,0,0
795,44766,10,63,53,31,9,0,10786,39,40527,46875,38389,35370,250000,0,1,0,0,0,0
796,15025,10,64,53,31,9,0,10791,39,44580,46875,38389,35370,250000,0,0,0,0,0,0
797,25816,10,64,53,31,9,0,10791,39,44580,46875,38389,35370,250000,0,0,0,0,0,0
798,36607,10,64,53,31,9,0,10791,39,44580,46875,38389,35370,250000,0,0,0,0,1,0
799,12028,10,64,53,31,10,0,11491,39,44580,46875,38389,38907,250000,0,0,0,0,0,0
800,23519,10,64,53,31,10,0,11491,39,44580,46875,38389,38907,250000,0,0,0,0,0,0
801,35010,10,64,53,31,10,0,11491,39,44580,46875,38389,38907,250000,0,0,0,0,0,0
802,46501,10,64,53,31,10,0,11491,39,44580,46875,38389,38907,250000,0,1,0,0,0,0
803,13412,10,65,53,31,10,0,11496,39,49038,46875,38389,38907,250000,0,0,0,0,0,0
804,24908,10,65,53,31,10,0,11496,39,49038,46875,38389,38907,250000,0,0,0,0,0,0
805,36404,10,65,53,31,10,0,11496,39,49038,46875,38389,38907,250000,0,0,0,0,0,0
806,47900,10,65,53,31,10,0,11496,39,49038,46875,38389,38907,250000,0,0,1,0,0,0
807,12521,10,65,54,31,10,0,11516,39,49038,51562,38389,38907,250000,0,0,0,0,0,0
808,24037,10,65,54,31,10,0,11516,39,49038,51562,38389,38907,250000,0,0,0,0,0,0
809,35553,10,65,54,31,10,0,11516,39,49038,51562,38389,38907,250000,0,0,0,0,0,0
810,47069,10,65,54,31,10,0,11516,39,49038,51562,38389,38907,250000,0,0,0,1,0,0
811,20196,10,65,54,32,10,0,11616,39,49038,51562,42228,38907,250000,0,0,0,0,0,0
812,31812,10,65,54,32,10,0,11616,39,49038,51562,42228,38907,250000,0,0,0,0,0,0
813,43428,10,65,54,32,10,0,11616,39,49038,51562,42228,38907,250000,0,0,0,1,0,0
814,12816,10,65,54,33,10,0,11716,39,49038,51562,46451,38907,250000,0,0,0,0,0,0
815,24532,10,65,54,33,10,0,11716,39,49038,51562,46451,38907,250000,0,0,0,0,0,0
816,36248,10,65,54,33,10,0,11716,39,49038,51562,46451,38907,250000,0,0,0,0,0,0
817,47964,10,65,54,33,10,0,11716,39,49038,51562,46451,38907,250000,0,0,0,1,0,0
818,13229,10,65,54,34,10,0,11816,39,49038,51562,51096,38907,250000,0,0,0,0,0,0
819,25045,10,65,54,34,10,0,11816,39,49038,51562,51096,38907,250000,0,0,0,0,0,0
820,36861,10,65,54,34,10,0,11816,39,49038,51562,51096,38907,250000,0,0,0,0,0,0
821,48677,10,65,54,34,10,0,11816,39,49038,51562,51096,38907,250000,0,0,0,0,1,0
822,21586,10,65,54,34,11,0,12516,39,49038,51562,51096,42797,250000,0,0,0,0,0,0
823,34102,10,65,54,34,11,0,12516,39,49038,51562,51096,42797,250000,0,0,0,0,0,0
824,46618,10,65,54,34,11,0,12516,39,49038,51562,51096,42797,250000,0,0,0,0,1,0
825,16337,10,65,54,34,12,0,13216,39,49038,51562,51096,47077,250000,0,0,0,0,0,0
826,29553,10,65,54,34,12,0,13216,39,49038,51562,51096,47077,250000,0,0,0,0,0,0
827,42769,10,65,54,34,12,0,13216,39,49038,51562,51096,47077,250000,0,0,0,0,0,0
828,55985,10,65,54,34,12,0,13216,39,49038,51562,51096,47077,250000,0,0,1,0,0,0
829,17639,10,65,55,34,12,0,13236,39,49038,56718,51096,47077,250000,0,0,0,0,0,0
830,30875,10,65,55,34,12,0,13236,39,49038,56718,51096,47077,250000,0,0,0,0,0,0
831,44111,10,65,55,34,12,0,13236,39,49038,56718,51096,47077,250000,0,0,0,0,0,0
832,57347,10,65,55,34,12,0,13236,39,49038,56718,51096,47077,250000,0,0,1,0,0,0
833,13865,10,65,56,34,12,0,13256,39,49038,62390,51096,47077,250000,0,0,0,0,0,0
834,27121,10,65,56,34,12,0,13256,39,49038,62390,51096,47077,250000,0,0,0,0,0,0
835,40377,10,65,56,34,12,0,13256,39,49038,62390,51096,47077,250000,0,0,0,0,0,0
836,53633,10,65,56,34,12,0,13256,39,49038,62390,51096,47077,250000,0,1,0,0,0,0
837,17851,10,66,56,34,12,0,13261,39,53941,62390,51096,47077,250000,0,0,0,0,0,0
838,31112,10,66,56,34,12,0,13261,39,53941,62390,51096,47077,250000,0,0,0,0,0,0
839,44373,10,66,56,34,12,0,13261,39,53941,62390,51096,47077,250000,0,0,0,0,0,0
840,57634,10,66,56,34,12,0,13261,39,53941,62390,51096,47077,250000,0,1,0,0,0,0
841,16954,10,67,56,34,12,0,13266,39,59335,62390,51096,47077,250000,0,0,0,0,0,0
842,30220,10,67,56,34,12,0,13266,39,59335,62390,51096,47077,250000,0,0,0,0,0,0
843,43486,10,67,56,34,12,0,13266,39,59335,62390,51096,47077,250000,0,0,0,0,0,0
844,56752,10,67,56,34,12,0,13266,39,59335,62390,51096,47077,250000,0,0,0,1,0,0
845,18922,10,67,56,35,12,0,13366,39,59335,62390,56205,47077,250000,0,0,0,0,0,0
846,32288,10,67,56,35,12,0,13366,39,59335,62390,56205,47077,250000,0,0,0,0,0,0
847,45654,10,67,56,35,12,0,13366,39,59335,62390,56205,47077,250000,0,0,0,0,0,0
848,59020,10,67,56,35,12,0,13366,39,59335,62390,56205,47077,250000,0,0,0,1,0,0
849,16181,10,67,56,36,12,0,13466,39,59335,62390,61826,47077,250000,0,0,0,0,0,0
850,29647,10,67,56,36,12,0,13466,39,59335,62390,61826,47077,250000,0,0,0,0,0,0
851,43113,10,67,56,36,12,0,13466,39,59335,62390,61826,47077,250000,0,0,0,0,0,0
852,56579,10,67,56,36,12,0,13466,39,59335,62390,61826,47077,250000,0,0,0,0,1,0
853,22968,10,67,56,36,13,0,14166,39,59335,62390,61826,51785,250000,0,0,0,0,0,0
854,37134,10,67,56,36,13,0,14166,39,59335,62390,61826,51785,250000,0,0,0,0,0,0
855,51300,10,67,56,36,13,0,14166,39,59335,62390,61826,51785,250000,0,0,0,0,0,0
856,65466,10,67,56,36,13,0,14166,39,59335,62390,61826,51785,250000,0,0,1,0,0,0
857,17242,10,67,57,36,13,0,14186,39,59335,68629,61826,51785,250000,0,0,0,0,0,0
858,31428,10,67,57,36,13,0,14186,39,59335,68629,61826,51785,250000,0,0,0,0,0,0
859,45614,10,67,57,36,13,0,14186,39,59335,68629,61826,51785,250000,0,0,0,0,0,0
860,59800,10,67,57,36,13,0,14186,39,59335,68629,61826,51785,250000,0,1,0,0,0,0
861,14651,10,68,57,36,13,0,14191,39,65269,68629,61826,51785,250000,0,0,0,0,0,0
862,28842,10,68,57,36,13,0,14191,39,65269,68629,61826,51785,250000,0,0,0,0,0,0
863,43033,10,68,57,36,13,0,14191,39,65269,68629,61826,51785,250000,0,0,0,0,0,0
864,57224,10,68,57,36,13,0,14191,39,65269,68629,61826,51785,250000,0,0,0,0,1,0
865,19630,10,68,57,36,14,0,14891,39,65269,68629,61826,56963,250000,0,0,0,0,0,0
866,34521,10,68,57,36,14,0,14891,39,65269,68629,61826,56963,250000,0,0,0,0,0,0
867,49412,10,68,57,36,14,0,14891,39,65269,68629,61826,56963,250000,0,0,0,0,0,0
868,64303,10,68,57,36,14,0,14891,39,65269,68629,61826,56963,250000,0,0,0,1,0,0
869,17368,10,68,57,37,14,0,14991,39,65269,68629,68008,56963,250000,0,0,0,0,0,0
870,32359,10,68,57,37,14,0,14991,39,65269,68629,68008,56963,250000,0,0,0,0,0,0
871,47350,10,68,57,37,14,0,14991,39,65269,68629,68008,56963,250000,0,0,0,0,0,0
872,62341,10,68,57,37,14,0,14991,39,65269,68629,68008,56963,250000,0,0,0,0,1,0
873,20369,10,68,57,37,15,0,15691,39,65269,68629,68008,62659,250000,0,0,0,0,0,0
874,36060,10,68,57,37,15,0,15691,39,65269,68629,68008,62659,250000,0,0,0,0,0,0
875,51751,10,68,57,37,15,0,15691,39,65269,68629,68008,62659,250000,0,0,0,0,0,0
876,67442,10,68,57,37,15,0,15691,39,65269,68629,68008,62659,250000,0,1,0,0,0,0
877,17864,10,69,57,37,15,0,15696,39,71796,68629,68008,62659,250000,0,0,0,0,0,0
878,33560,10,69,57,37,15,0,15696,39,71796,68629,68008,62659,250000,0,0,0,0,0,0
879,49256,10,69,57,37,15,0,15696,39,71796,68629,68008,62659,250000,0,0,0,0,0,0
880,64952,10,69,57,37,15,0,15696,39,71796,68629,68008,62659,250000,0,0,0,0,1,0
881,17989,10,69,57,37,16,0,16396,39,71796,68629,68008,68925,250000,0,0,0,0,0,0
882,34385,10,69,57,37,16,0,16396,39,71796,68629,68008,68925,250000,0,0,0,0,0,0
883,50781,10,69,57,37,16,0,16396,39,71796,68629,68008,68925,250000,0,0,0,0,0,0
884,67177,10,69,57,37,16,0,16396,39,71796,68629,68008,68925,250000,0,0,0,0,0,0
885,83573,10,69,57,37,16,0,16396,39,71796,68629,68008,68925,250000,0,0,1,0,0,0
886,31340,10,69,58,37,16,0,16416,39,71796,75492,68008,68925,250000,0,0,0,0,0,0
887,47756,10,69,58,37,16,0,16416,39,71796,75492,68008,68925,250000,0,0,0,0,0,0
888,64172,10,69,58,37,16,0,16416,39,71796,75492,68008,68925,250000,0,0,0,0,0,0
889,80588,10,69,58,37,16,0,16416,39,71796,75492,68008,68925,250000,0,0,1,0,0,0
890,21512,10,69,59,37,16,0,16436,39,71796,83041,68008,68925,250000,0,0,0,0,0,0
891,37948,10,69,59,37,16,0,16436,39,71796,83041,68008,68925,250000,0,0,0,0,0,0
892,54384,10,69,59,37,16,0,16436,39,71796,83041,68008,68925,250000,0,0,0,0,0,0
893,70820,10,69,59,37,16,0,16436,39,71796,83041,68008,68925,250000,0,0,0,1,0,0
894,19248,10,69,59,38,16,0,16536,39,71796,83041,74809,68925,250000,0,0,0,0,0,0
895,35784,10,69,59,38,16,0,16536,39,71796,83041,74809,68925,250000,0,0,0,0,0,0
896,52320,10,69,59,38,16,0,16536,39,71796,83041,74809,68925,250000,0,0,0,0,0,0
897,68856,10,69,59,38,16,0,16536,39,71796,83041,74809,68925,250000,0,0,0,0,0,0
898,85392,10,69,59,38,16,0,16536,39,71796,83041,74809,68925,250000,0,0,1,0,0,0
899,18887,10,69,60,38,16,0,16556,39,71796,91345,74809,68925,250000,0,0,0,0,0,0
900,35443,10,69,60,38,16,0,16556,39,71796,91345,74809,68925,250000,0,0,0,0,0,0